Angler ID,Station .,Fish ID,Drift ID,Species Code,Fork Length (mm),Total Length (mm),Length (cm)
C339,6,2435,BLM0708251302,GPR,267,,
C340,11,2436,BLM0708251302,VER,484,496,
C341,12,2437,BLM0708251302,GPR,260,,
S255,13,2438,BLM0708251302,OLV,411,426,
C173,2,2439,BLM0708251302,GPR,270,,
C340,11,2440,BLM0708251302,GPR,286,,
S255,13,2441,BLM0708251302,BLU,355,371,
C341,12,2442,BLM0708251302,CPR,419,425,
C340,11,2443,BLM0708251302,GPR,311,,
S255,13,2444,BLM0708251302,VER,287,295,
C339,6,2445,BLM0708251302,GPR,285,,
S038,1,2446,BLM0708251302,GPR,294,,
C340,11,2447,BLM0708251302,CBZ,470,,
S255,13,2448,BLM0708251302,BLU,365,382,
C173,2,2449,BLM0708251302,BLU,270,284,
S255,13,2450,BLM0708251302,BLU,261,271,
A324,7,2451,BLM0708251302,BLU,270,279,
S255,13,2452,BLM0708251302,BLU,280,300,
C243,8,2453,BLM0708251302,BLU,300,316,
C182,3,2454,BLM0708251302,BLU,297,310,
S038,1,2455,BLM0708251302,BLU,341,360,
C339,6,2456,BLM0708251302,BLU,370,385,
C173,2,2457,BLM0708251302,BLU,295,305,
S038,1,2458,BLM0708251302,BLU,342,356,
C243,8,2459,BLM0708251303,GPR,239,,
S038,1,2460,BLM0708251303,CPR,485,,
C340,11,2461,BLM0708251303,CPR,415,,
C339,6,2462,BLM0708251303,VER,444,460,
C243,8,2463,BLM0708251303,GPR,259,,
S038,1,2464,BLM0708251303,LCD,523,,
C341,12,2465,BLM0708251303,VER,485,500,
A324,7,2466,BLM0708251303,BLU,136,142,
C182,3,2467,BLM0708251303,GPR,210,,
C173,2,2468,BLM0708251303,GPR,274,,
C339,6,2469,BLM0708251303,GPR,261,,
S255,13,2470,BLM0708251303,GPR,215,,
C340,11,2471,BLM0708251303,GPR,210,,
C341,12,2472,BLM0708251303,GPR,237,,
C341,12,2473,BLM0708251303,GPR,245,,
S255,13,2474,BLM0708251303,GPR,214,,
C243,8,2475,BLM0708251303,OLV,345,355,
C341,12,2476,BLM0708251303,OLV,400,411,
C243,8,2477,BLM0708251303,BLU,280,292,
C339,6,2478,BLM0708251303,OLV,307,311,
A324,7,2479,BLM0708251303,BLU,299,315,
C340,11,2480,BLM0708251303,OLV,340,352,
C339,6,2481,BLM0708251303,BLU,370,386,
A324,7,2482,BLM0708251303,BLU,230,240,
S038,1,2483,BLM0708251303,LCD,650,,
S255,13,2484,BLM0708251303,CPR,510,,
C243,8,2485,BLM0708251303,BLU,330,350,
C339,6,2486,BLM0708251303,OLV,420,430,
C243,8,2487,BLM0708251303,BLU,207,220,
S038,3,2488,BLM0708251801,BWN,349,,
C341,12,2489,BLM0708251801,VER,394,410,
A324,13,2490,BLM0708251801,VER,249,255,
C173,2,2491,BLM0708251801,VER,366,376,
C182,7,2492,BLM0708251801,BWN,308,311,
S038,3,2493,BLM0708251801,VER,390,410,
C243,8,2494,BLM0708251801,BWN,444,,
C341,12,2495,BLM0708251801,CNY,351,372,
S038,3,2496,BLM0708251801,GPR,279,,
C182,7,2497,BLM0708251801,GPR,256,,
A324,13,2498,BLM0708251801,GPR,310,,
S255,1,2499,BLM0708251801,CPR,420,,
S255,1,2500,BLM0708251801,CPR,329,,
C340,11,2501,BLM0708251801,VER,225,229,
C243,8,2502,BLM0708251801,BLU,345,358,
C341,12,2503,BLM0708251801,BLU,340,360,
C243,8,2504,BLM0708251801,BLU,328,341,
C182,7,2505,BLM0708251801,BLU,340,359,
C340,11,2506,BLM0708251802,GPR,243,,
C243,8,2507,BLM0708251802,GPR,289,,
C243,8,2508,BLM0708251802,GPR,275,,
S038,3,2509,BLM0708251802,GPR,225,,
C340,11,2510,BLM0708251802,GPR,240,,
C182,7,2511,BLM0708251802,GPR,289,,
C339,6,2512,BLM0708251802,BLU,352,368,
C339,6,2513,BLM0708251802,BLU,235,245,
C340,11,2514,BLM0708251802,BLU,244,254,
C182,7,2515,BLM0708251802,GPR,273,,
S255,1,2516,BLM0708251802,CPR,420,,
C340,11,2517,BLM0708251802,GPR,240,,
C243,8,2518,BLM0708251802,GPR,289,,
S038,3,2519,BLM0708251802,VER,460,474,
C182,7,2520,BLM0708251802,GPR,248,,
C173,2,2521,BLM0708251802,BLU,310,330,
C341,12,2522,BLM0708251802,GPR,268,,
C339,6,2523,BLM0708251802,BLU,368,385,
C243,8,2524,BLM0708251802,BLU,355,364,
C173,2,2525,BLM0708251802,VER,470,495,
C182,7,2526,BLM0708251802,OLV,310,320,
C339,6,2527,BLM0708251802,BLU,350,369,
S255,1,2528,BLM0708251802,BLU,350,370,
S255,1,2529,BLM0708251802,GPR,272,,
C243,8,2530,BLM0708251802,BLU,235,245,
C243,8,2531,BLM0708251802,BLU,252,264,
C173,2,2532,BLM0708251802,OLV,225,231,
C340,11,2533,BLM0708251802,BLU,252,260,
C339,6,2534,BLM0708251802,BLU,333,347,
C182,7,2535,BLM0708251802,BLU,269,283,
C059,6,1,BLM0806250301,OLV,346,359,
C059,6,2,BLM0806250301,OLV,365,376,
C312,7,3,BLM0806250301,OLV,325,336,
C312,7,4,BLM0806250301,BLU,328,334,
A808,11,5,BLM0806250301,WHT,445,482,
D255,2,6,BLM0806250301,GPR,251,,
C305,13,7,BLM0806250301,BLU,360,379,
C305,13,8,BLM0806250301,OLV,410,427,
A906,12,9,BLM0806250301,OLV,215,220,
A906,12,10,BLM0806250301,OLV,253,261,
A808,11,11,BLM0806250301,BLU,290,301,
C059,6,12,BLM0806250301,OLV,332,342,
C293,1,13,BLM0806250301,CPR,416,,
C059,6,15,BLM0806250301,OLV,153,159,
A324,6,14,BLR0722253501,GPR,274,,
C312,7,16,BLM0806250301,GPR,259,,
C338,11,17,BLR0722253501,KLP,307,,
C005,12,19,BLR0722253501,KLP,317,,
C059,6,18,BLM0806250301,GPR,210,,
D255,2,20,BLM0806250301,BLU,364,376,
D255,2,21,BLM0806250301,BLU,339,351,
C059,6,22,BLM0806250301,LCD,482,490,
C293,1,23,BLM0806250301,LCD,910,,
C295,7,24,BLR0722253501,OLV,409,425,
C293,1,25,BLM0806250301,GPR,240,,
A015,1,26,BLR0722253501,LCD,549,563,
A015,1,27,BLR0722253501,GPR,255,,
A324,6,28,BLR0722253501,GPR,271,,
C271,3,29,BLR0722253501,CBZ,436,,
C338,11,31,BLR0722253501,GPR,235,,
C312,7,30,BLM0806250302,GPR,295,,
A488,2,32,BLR0722253501,GPR,228,,
C059,6,33,BLM0806250302,GPR,285,,
A324,6,34,BLR0722253501,KLP,330,,
C293,1,35,BLM0806250302,VER,474,491,
C243,13,36,BLR0722253501,GPR,291,,
A324,6,39,BLR0722253501,GPR,241,,
C182,12,37,BLM0708250701,BLU,315,335,
C243,13,41,BLM0708250701,BLU,254,266,
C312,7,42,BLM0806250302,GPR,283,,
A015,1,40,BLR0722253501,GPR,274,,
S255,6,44,BLM0708250701,GPR,220,,
A488,2,45,BLR0722253501,KLP,355,,
C305,13,43,BLM0806250302,CPR,301,,
C243,13,47,BLR0722253501,GPR,254,,
C059,6,48,BLM0806250302,CPR,389,,
C271,3,49,BLR0722253501,KLP,266,,
C182,12,46,BLM0708250701,GPR,240,,
C182,12,51,BLM0708250701,GPR,243,,
C005,12,75,BLR0722253501,BLU,290,300,
C338,11,76,BLR0722253501,GPR,254,,
A488,2,78,BLR0722253501,GPR,231,,
C341,8,77,BLM0708250702,BLU,205,215,
C341,8,79,BLM0708250702,BLU,280,295,
S038,1,80,BLM0708250702,BLU,368,382,
S038,1,81,BLM0708250702,OLV,356,364,
A324,2,82,BLM0708250702,OLV,484,505,
C340,7,83,BLM0708250702,BLU,312,326,
C182,12,84,BLM0708250702,BLU,240,255,
C243,13,85,BLM0708250702,CPR,389,,
C340,7,86,BLM0708250702,BLU,267,277,
C340,7,87,BLM0708250702,OLV,314,320,
C339,11,88,BLM0708250702,BLU,370,385,
S255,6,89,BLM0708250702,CPR,440,,
S255,6,90,BLM0708250702,BLU,346,354,
C339,11,91,BLM0708250702,BLU,315,329,
C339,11,92,BLM0708250702,BLU,280,288,
C341,8,93,BLM0708250702,BLU,230,240,
C173,3,94,BLM0708250702,BCO,625,640,
S255,6,95,BLM0708250702,OLV,423,430,
C340,7,97,BLM0708250702,OLV,360,375,
A324,6,96,BLR0722253502,GPR,264,,
C339,11,98,BLM0708250702,BLU,372,374,
C182,12,99,BLM0708250702,BLU,310,316,
C182,12,100,BLM0708250702,GPR,234,,
C340,7,101,BLM0708250702,BLU,285,305,
C339,11,102,BLM0708250702,BLU,354,364,
C182,12,103,BLM0708250702,BLU,230,240,
C173,3,104,BLM0708250702,OLV,250,264,
S255,6,105,BLM0708250702,LCD,849,862,
C182,12,106,BLM0708250702,LCD,645,650,
C243,13,107,BLM0708250702,LCD,655,,
C243,13,108,BLM0708250702,BLU,215,218,
C173,3,109,BLM0708250702,BLU,310,326,
C340,7,110,BLM0708250702,OLV,450,460,
C182,12,111,BLM0708250702,BLU,254,260,
A324,2,112,BLM0708250702,BLU,362,372,
C340,7,113,BLM0708250702,GPR,260,,
A324,2,114,BLM0708250702,BLU,385,395,
C182,12,115,BLM0708250702,BLU,216,221,
S038,1,116,BLM0708250702,LCD,625,,
C173,3,117,BLM0708250702,BLU,196,205,
C339,11,118,BLM0708250702,OLV,322,329,
S038,1,119,BLM0708250702,CPR,493,,
C173,3,120,BLM0708250702,GPR,247,,
C243,13,121,BLM0708250702,LCD,815,,
C340,7,122,BLM0708250702,BLU,236,245,
S038,1,123,BLM0708250702,VER,494,501,
A324,2,124,BLM0708250702,BLU,211,223,
C338,1,351,BLR0722254002,GPR,240,,
A015,6,352,BLR0722254002,GPR,259,,
A324,11,353,BLR0722254002,GPR,258,,
C295,12,354,BLR0722254002,GPR,251,,
C243,13,355,BLR0722254002,GPR,260,,
A324,11,356,BLR0722254002,GPR,293,,
A324,11,357,BLR0722254002,KLP,320,,
C271,3,358,BLR0722254003,BLA,295,303,
C271,3,359,BLR0722254003,BLU,170,180,
A324,11,360,BLR0722254003,BLU,335,347,
C243,13,361,BLR0722254003,BLU,278,298,
C005,2,362,BLR0722254003,KLP,320,,
A488,7,363,BLR0722254003,KLP,346,,
A488,7,364,BLR0722254003,GPR,243,,
A488,7,365,BLR0722254003,GPR,220,,
C295,12,366,BLR0722254003,BLU,265,281,
C243,13,367,BLR0722254003,BLU,223,235,
C005,2,368,BLR0722254003,GPR,265,,
A015,6,369,BLR0722254003,BLU,118,,
C243,13,370,BLR0722254003,GPR,249,,
C338,1,371,BLR0722254003,BLU,216,225,
A015,6,372,BLR0722254003,GPR,240,,
A488,7,373,BLR0722254003,GPR,246,,
A324,11,374,BLR0722254003,GPR,254,,
C338,1,317,BLR0722254001,LCD,584,,
C271,3,318,BLR0722254001,BLU,198,208,
C243,13,319,BLR0722254001,BLU,280,295,
C005,2,320,BLR0722254001,OLV,224,232,
A488,7,321,BLR0722254001,GPR,254,,
C295,12,322,BLR0722254001,BLU,269,285,
A324,11,323,BLR0722254001,GPR,264,,
C295,12,324,BLR0722254001,BLU,233,245,
C338,1,325,BLR0722254001,GPR,267,,
C243,13,326,BLR0722254001,BLU,326,341,
A015,6,327,BLR0722254001,GPR,278,,
C271,3,328,BLR0722254001,OLV,197,204,
C295,12,329,BLR0722254001,BLU,250,265,
A324,11,330,BLR0722254001,GPR,234,,
A324,11,331,BLR0722254001,BLU,366,381,
A488,7,332,BLR0722254001,GPR,284,,
C005,2,333,BLR0722254001,GPR,246,,
C295,12,334,BLR0722254002,GPR,262,,
A324,11,335,BLR0722254002,CPR,231,,
A015,6,336,BLR0722254002,GPR,290,,
C005,2,337,BLR0722254002,KLP,285,,
C295,12,338,BLR0722254002,GPR,308,,
C005,2,339,BLR0722254002,BLU,185,194,
A015,6,340,BLR0722254002,YTL,165,169,
A410,11,2731,PBR0813251203,BAY,311,,
C015,11,2732,PBM0730250901,OLV,371,384,
C322,8,2733,PBM0730250901,BLU,299,309,
C322,8,2734,PBM0730250901,BLU,250,251,
C235,13,2735,PBM0730250901,BLU,249,260,
C322,8,2736,PBM0730250901,BLU,240,245,
C235,13,2737,PBM0730250901,OLV,335,345,
C352,7,2738,PBM0730250901,BLU,303,314,
C015,11,2739,PBM0730250901,BLU,254,266,
C352,7,2740,PBM0730250901,OLV,318,326,
C235,13,2741,PBM0730250901,BLU,245,250,
C322,8,2742,PBM0730250901,BLU,270,276,
C255,2,2743,PBM0730250901,BLU,310,324,
C322,8,2744,PBM0730250901,BLU,260,261,
C182,3,2745,PBM0730250901,GPR,296,,
A410,12,2746,PBM0730250901,BLU,268,,
C322,8,2747,PBM0730250901,BLU,244,255,
C351,6,2748,PBM0730250901,BLU,242,251,
C322,8,2749,PBM0730250901,BLU,235,249,
C351,6,2750,PBM0730250901,BLU,244,254,
A410,12,2751,PBM0730250901,BLU,235,249,
C352,7,2752,PBM0730250901,BLU,145,147,
C244,4,2753,PBM0730250901,GPR,279,,
C244,4,2754,PBM0730250901,GPR,292,,
C352,7,2755,PBM0730250901,BLU,320,323,
C244,4,2756,PBM0730250901,GPR,259,,
A015,11,453,BLR0722254801,GPR,264,,
C338,6,454,BLR0722254801,GPR,251,,
C338,6,455,BLR0722254801,GPR,256,,
C005,7,456,BLR0722254801,GPR,230,,
A015,11,457,BLR0722254801,BLU,285,292,
C005,7,458,BLR0722254801,GPR,240,,
C243,13,459,BLR0722254801,BLU,312,325,
A488,12,460,BLR0722254801,KLP,305,,
A015,11,461,BLR0722254801,OLV,355,365,
A488,12,462,BLR0722254802,OLV,430,442,
C343,7,463,PBR0716252203,GPR,291,,
C182,12,464,PBR0716252203,VER,450,460,
C313,11,465,PBR0716252203,VER,249,,
C182,12,466,PBR0716252203,GPR,298,,
C343,7,467,PBR0716252203,GPR,294,,
C313,11,468,PBR0716252203,GPR,253,,
A410,3,469,PBR0716252203,BLU,280,294,
C015,2,470,PBR0716252203,BLU,196,204,
C015,2,471,PBR0716252203,BLU,354,374,
C182,12,472,PBR0716252203,GPR,285,,
C016,1,473,PBR0716252203,BLU,355,370,
C016,1,474,PBR0716252203,BLU,364,377,
A005,8,476,PBR0729252001,BLU,287,302,
A324,4,477,PBR0729252001,BLU,321,340,
C293,1,38,BLM0806250302,VER,440,457,
A808,11,52,BLM0806250302,GPR,256,,
A324,6,50,BLR0722253501,GPR,274,,
C182,12,54,BLM0708250701,GPR,260,,
C295,7,55,BLR0722253501,KLP,290,,
A906,12,53,BLM0806250302,CPR,421,424,
S038,1,56,BLM0708250701,CPR,432,,
C339,11,58,BLM0708250701,GPR,206,,
S038,1,59,BLM0708250701,GPR,249,,
C182,12,60,BLM0708250701,VER,443,453,
C005,12,57,BLR0722253501,GPR,259,,
C243,13,62,BLM0708250701,VER,514,528,
A015,1,63,BLR0722253501,GPR,256,,
S038,1,64,BLM0708250701,GPR,250,,
C243,13,66,BLM0708250701,GPR,250,,
A488,2,65,BLR0722253501,OLV,266,273,
C295,7,68,BLR0722253501,OLV,398,411,
C243,13,67,BLM0708250701,GPR,249,,
S255,6,69,BLM0708250701,GPR,245,,
C305,13,61,BLM0806250302,VER,450,469,
S038,1,70,BLM0708250701,OLV,344,351,
S038,1,71,BLM0708250701,BLU,143,146,
C173,3,72,BLM0708250701,GPR,253,,
A324,2,73,BLM0708250701,GPR,260,,
S255,6,74,BLM0708250701,GPR,270,,
A324,2,125,BLM0708250702,BLU,243,254,
C173,3,126,BLM0708250702,BLU,339,,
A324,2,127,BLM0708250702,BLU,224,232,
C341,8,128,BLM0708250702,BLU,269,276,
C173,3,129,BLM0708250702,OLV,346,355,
C339,11,130,BLM0708250702,BLU,246,260,
A324,2,131,BLM0708250702,CPR,460,,
C243,13,132,BLM0708250702,YTL,338,357,
S038,1,133,BLM0708250702,BLU,152,161,
S038,1,134,BLM0708250702,GPR,225,,
C339,11,135,BLM0708250702,OLV,334,345,
C173,3,136,BLM0708250702,BLU,157,161,
S038,1,137,BLM0708250702,BLU,256,268,
S038,1,138,BLM0708250702,BLU,190,194,
C339,11,139,BLM0708250702,BLU,160,166,
C173,3,140,BLM0708250703,BLU,243,252,
C182,12,141,BLM0708250703,CPR,445,,
C173,3,142,BLM0708250703,BLU,237,243,
A324,2,143,BLM0708250703,BLU,168,172,
C243,13,144,BLM0708250703,BLU,229,238,
C173,3,145,BLM0708250703,BLU,262,272,
S255,6,146,BLM0708250703,BLU,358,376,
C182,12,147,BLM0708250703,BLU,160,170,
C340,7,148,BLM0708250703,BLU,247,253,
C339,11,149,BLM0708250703,GPR,250,,
A324,14,608,PBR0729251401,GPR,255,,
A313,12,609,PBR0729251401,GPR,255,,
A324,14,610,PBR0729251401,GPR,260,,
A165,2,611,PBR0729251401,BLA,256,265,
A165,2,612,PBR0729251401,BLU,340,360,
A324,14,613,PBR0729251401,GPR,276,,
S038,11,614,PBR0729251401,GPR,261,,
S038,11,615,PBR0729251401,GPR,252,,
A165,2,616,PBR0729251402,BLU,235,245,
D131,1,617,PBR0729251402,GPR,275,,
C322,6,618,PBR0729251402,LCD,614,620,
A165,2,619,PBR0729251402,GPR,245,,
C346,7,620,PBR0729251402,BLU,185,192,
C322,6,621,PBR0729251402,OLV,265,274,
A005,3,622,PBR0729251402,VER,481,500,
C346,7,623,PBR0729251403,BLU,250,260,
C346,7,624,PBR0729251403,BLU,250,259,
C235,9,625,PBR0729251403,BLU,261,275,
A005,3,626,PBR0729251403,LCD,515,522,
C322,6,627,PBR0729251403,BLU,235,246,
C347,8,628,PBR0729251403,BLU,237,249,
C346,7,629,PBR0729251403,BLU,179,189,
C235,9,630,PBR0729251403,BLU,240,251,
A324,14,631,PBR0729251403,GPR,257,,
C347,8,633,PBR0729251403,BAY,249,,
C251,13,634,PBR0729251403,BLU,332,345,
A005,3,635,PBR0729251403,BLA,295,303,
C251,13,636,PBR0729251403,BLU,245,255,
S038,11,637,PBR0729251403,BLA,324,330,
A324,14,638,PBR0729251403,GPR,216,,
C345,4,639,PBR0729251403,BLA,288,295,
C345,4,640,PBR0729251403,GPR,295,,
C346,7,641,PBR0729251403,BLA,320,328,
A313,12,642,PBR0729251403,GPR,290,,
C251,13,643,PBR0729251403,BLA,317,325,
C346,7,644,PBR0729251403,OLV,227,235,
S038,11,645,PBR0729251403,OLV,267,275,
C235,9,646,PBR0729251404,BLU,320,335,
C235,9,647,PBR0729251404,BLU,240,250,
C346,7,648,PBR0729251404,BLU,160,168,
C322,6,649,PBR0729251404,BLU,200,210,
S038,11,650,PBR0729251404,GPR,295,,
A324,14,651,PBR0729251404,BLU,266,280,
C235,9,652,PBR0729251404,BLU,195,205,
A313,12,653,PBR0729251404,GPR,285,,
A313,12,654,PBR0729251404,GPR,320,,
C347,8,655,PBR0729251404,BLU,354,366,
A906,8,656,BLM0806250701,OLV,390,408,
C059,1,657,BLM0806250701,OLV,350,362,
C340,7,150,BLM0708250703,BLU,260,268,
C243,13,151,BLM0708250703,BLU,260,276,
C173,3,152,BLM0708250703,LCD,595,,
C173,3,153,BLM0708250703,BLU,346,362,
C339,11,154,BLM0708250703,BLU,245,255,
C173,3,155,BLM0708250703,BLU,340,359,
C340,7,156,BLM0708250703,GPR,236,,
S255,6,157,BLM0708250703,OLV,324,332,
C243,13,158,BLM0708250703,YTL,295,302,
C182,12,159,BLM0708250703,CHN,257,,
S255,6,160,BLM0708250703,OLV,345,360,
C182,12,161,BLM0708250703,BLU,212,220,
C340,7,162,BLM0708250703,BLU,345,361,
C173,3,163,BLM0708250703,BLU,355,366,
C339,11,164,BLM0708250703,BLU,380,400,
C173,3,165,BLM0708250703,BLU,245,253,
A324,2,166,BLM0708250703,BLU,340,349,
C339,11,167,BLM0708250703,BLU,218,227,
C340,7,168,BLM0708250703,CPR,470,,
C341,8,169,BLM0708250703,BLU,247,252,
A324,2,170,BLM0708250703,CPR,410,420,
S255,6,171,BLM0708250703,CPR,475,,
C243,13,172,BLM0708250703,BLU,210,225,
S038,1,173,BLM0708250703,OLV,348,355,
A324,2,174,BLM0708250703,BLU,350,362,
S038,1,175,BLM0708250703,GPR,233,,
C243,13,176,BLM0708250703,BLU,245,255,
S255,6,177,BLM0708250703,LCD,600,610,
C173,3,178,BLM0708250703,BLU,360,368,
C173,3,179,BLM0708250703,CPR,254,267,
C341,8,180,BLM0708250703,BLU,369,379,
A324,2,181,BLM0708250703,GPR,235,,
S038,1,182,BLM0708250703,GPR,263,,
S038,1,183,BLM0708250703,CPR,450,,
C182,1,184,PBR0716251401,GPR,305,,
C343,11,185,PBR0716251401,BLU,235,241,
C182,1,186,PBR0716251401,GPR,283,,
C313,7,187,PBR0716251402,GPR,279,,
C015,2,188,PBR0716251402,LCD,655,,
A410,3,189,PBR0716251403,LCD,410,418,
C343,11,190,PBR0716251403,BLU,264,274,
C182,1,191,PBR0716251403,GPR,290,,
C343,11,192,PBR0716251403,GPR,302,,
C342,12,193,PBR0716251701,GPR,276,,
C016,8,194,PBR0716251701,GPR,270,,
C016,8,195,PBR0716251701,SRY,252,,
C342,12,196,PBR0716251701,GPR,227,,
C015,6,197,PBR0716251701,GPR,272,,
C342,12,198,PBR0716251701,GPR,309,,
C182,1,199,PBR0716251701,TRE,276,,
C016,8,200,PBR0716251701,BLU,270,277,
C313,3,201,PBR0716251701,BLU,256,265,
C342,12,202,PBR0716251701,BLU,308,320,
A410,7,203,PBR0716251701,BLU,166,173,
C182,1,204,PBR0716251701,BLU,170,,
C342,12,205,PBR0716251701,GPR,250,,
C016,8,206,PBR0716251701,GPR,243,,
C015,6,207,PBR0716251701,GPR,240,,
C015,6,208,PBR0716251701,GPR,264,,
C342,12,209,PBR0716251702,GPR,204,,
C342,12,210,PBR0716251702,GPR,275,,
C343,11,211,PBR0716251702,BLU,265,275,
C342,12,212,PBR0716251702,GPR,215,,
C016,8,213,PBR0716251702,GPR,296,,
C182,1,214,PBR0716251702,GPR,255,,
C342,12,215,PBR0716251702,TRE,320,,
C015,6,216,PBR0716251702,TRE,268,,
C343,11,217,PBR0716251702,VER,435,448,
C016,8,218,PBR0716251702,GPR,265,,
C283,2,219,PBR0716251702,BLU,270,284,
C342,12,220,PBR0716251702,GPR,250,,
C016,8,221,PBR0716251702,GPR,241,,
C342,12,222,PBR0716251702,GPR,280,,
A410,7,223,PBR0716251702,GPR,252,,
C342,12,224,PBR0716251702,GPR,230,,
C342,12,225,PBR0716251702,GPR,260,,
C016,8,226,PBR0716251702,OLV,348,354,
C016,8,227,PBR0716251702,BLU,226,236,
C015,6,228,PBR0716251702,GPR,266,,
C016,8,229,PBR0716251702,BLU,211,220,
C342,12,230,PBR0716251703,GPR,274,,
C342,12,231,PBR0716251703,GPR,295,,
C343,11,232,PBR0716251703,GPR,288,,
C343,11,233,PBR0716251703,GPR,307,,
C182,1,234,PBR0716251703,GPR,291,,
C283,2,235,PBR0716251703,GPR,282,,
C343,11,236,PBR0716251703,GPR,278,,
C342,12,237,PBR0716251703,GPR,300,,
C283,2,238,PBR0716251703,LCD,566,571,
C342,12,239,PBR0716251703,GPR,274,,
C016,1,240,PBR0716251901,BLU,311,326,
C015,11,241,PBR0716251901,GPR,276,,
A410,12,242,PBR0716251901,GPR,280,,
A410,12,243,PBR0716251901,GPR,327,,
C016,1,244,PBR0716251901,LCD,530,535,
C313,7,245,PBR0716251901,RSY,232,,
C283,2,246,PBR0716251901,GPR,284,,
C015,11,247,PBR0716251901,TRE,320,,
C295,7,248,BLR0722253502,KLP,333,,
C005,12,249,BLR0722253502,GPR,223,,
C338,11,250,BLR0722253502,KLP,306,,
C243,13,251,BLR0722253502,KLP,285,,
A488,2,252,BLR0722253502,KLP,335,,
C338,11,253,BLR0722253502,KLP,346,,
C182,6,254,PBR0716251902,BLU,353,370,
A324,6,255,BLR0722253502,KLP,325,,
C005,12,257,BLR0722253502,CPR,192,195,
C342,8,256,PBR0716251902,BLU,332,346,
C243,13,258,BLR0722253502,CPR,202,,
A410,12,259,PBR0716251902,GPR,279,,
A410,12,261,PBR0716251902,GPR,299,,
A324,6,260,BLR0722253502,KLP,339,,
A324,6,262,BLR0722253502,KLP,296,,
C016,1,263,PBR0716251902,LCD,600,,
C283,2,264,PBR0716251902,VER,415,425,
C313,7,265,PBR0716251902,TRE,320,,
D255,7,658,BLM0806250701,OLV,334,348,
A808,11,659,BLM0806250701,OLV,332,344,
C293,6,660,BLM0806250701,BLU,292,301,
D255,7,661,BLM0806250701,BLU,380,395,
C293,6,662,BLM0806250701,BLU,345,355,
A906,8,663,BLM0806250701,OLV,360,370,
C293,6,664,BLM0806250701,BLU,243,257,
D255,7,665,BLM0806250701,OLV,400,416,
A808,11,666,BLM0806250701,GPR,223,,
D255,7,667,BLM0806250701,OLV,380,391,
S236,12,668,BLM0806250701,BLU,311,319,
D255,7,669,BLM0806250701,OLV,304,315,
A906,8,670,BLM0806250701,OLV,355,370,
C305,13,671,BLM0806250701,GPR,254,,
C059,1,672,BLM0806250701,GPR,232,,
C059,1,673,BLM0806250701,BLU,330,347,
D255,7,674,BLM0806250701,OLV,360,374,
C293,6,675,BLM0806250701,BLU,346,359,
A906,8,676,BLM0806250701,YTL,295,305,
C305,13,677,BLM0806250701,OLV,335,347,
A906,8,678,BLM0806250701,OLV,360,375,
C305,13,679,BLM0806250701,OLV,363,378,
C293,6,680,BLM0806250701,CPR,429,440,
C312,2,681,BLM0806250701,BLU,338,354,
C312,2,682,BLM0806250701,OLV,358,374,
A906,8,683,BLM0806250701,OLV,470,486,
C313,7,266,PBR0716251902,GPR,300,,
C182,6,267,PBR0716251903,GPR,321,,
C243,13,268,BLR0722253503,KLP,360,,
C182,6,269,PBR0716251903,GPR,297,,
A410,12,270,PBR0716251903,GPR,278,,
C283,2,271,PBR0716251903,GPR,279,,
A488,2,272,BLR0722253503,OLV,370,384,
A015,1,274,BLR0722253503,BLU,280,295,
C313,7,273,PBR0716251903,BLU,317,328,
C243,13,275,BLR0722253503,BLU,310,323,
C271,3,277,BLR0722253503,BLU,325,341,
C313,7,276,PBR0716251903,RSY,194,,
C005,12,278,BLR0722253503,GPR,215,,
A015,1,280,BLR0722253503,KLP,304,,
C182,6,279,PBR0716251903,BLU,260,275,
C313,7,281,PBR0716251903,BLU,265,278,
C342,8,283,PBR0716251903,VER,425,439,
A488,2,282,BLR0722253503,BLU,220,230,
C005,12,285,BLR0722253503,GPR,245,,
A015,1,286,BLR0722253503,KLP,246,,
C283,2,284,PBR0716251903,BLU,354,364,
A410,12,287,PBR0716251903,BLU,321,335,
C243,13,288,BLR0722253503,KLP,345,,
C343,3,289,PBR0716251903,LCD,425,435,
C342,8,291,PBR0716251903,BLU,319,326,
C005,12,290,BLR0722253503,GPR,275,,
C283,2,292,PBR0716251903,BLU,319,333,
C271,3,293,BLR0722253503,KLP,308,,
C283,2,294,PBR0716251903,BLU,310,322,
C243,13,295,BLR0722253503,GPR,277,,
C182,6,296,PBR0716251903,GPR,286,,
A324,6,297,BLR0722253503,GPR,235,,
A410,12,298,PBR0716251903,BLU,294,305,
C271,3,299,BLR0722253503,OLV,444,465,
A015,1,300,BLR0722253503,GPR,258,,
C295,7,301,BLR0722253503,OLV,287,,
A488,2,302,BLR0722253503,GPR,262,,
C243,13,303,BLR0722253503,GPR,240,,
C005,12,304,BLR0722253503,BLU,342,360,
A324,6,305,BLR0722253503,KLP,341,,
A324,11,306,BLR0722254001,OLV,277,288,
A488,7,307,BLR0722254001,BLU,288,300,
A015,6,308,BLR0722254001,BLU,261,274,
C243,13,309,BLR0722254001,BLU,253,264,
A488,7,310,BLR0722254001,OLV,345,356,
C271,3,311,BLR0722254001,BLU,175,185,
C338,1,312,BLR0722254001,OLV,305,316,
C243,13,313,BLR0722254001,BLU,327,340,
C271,3,314,BLR0722254001,BLU,316,331,
C271,3,315,BLR0722254001,BLU,276,290,
A015,6,316,BLR0722254001,OLV,280,290,
C271,3,341,BLR0722254002,BLU,149,154,
A324,11,342,BLR0722254002,CPR,399,,
A015,6,343,BLR0722254002,BLU,340,355,
C243,13,344,BLR0722254002,KLP,275,,
C243,13,345,BLR0722254002,GPR,254,,
C295,12,346,BLR0722254002,GPR,256,,
A324,11,347,BLR0722254002,VER,339,350,
C338,1,348,BLR0722254002,VER,329,340,
C005,2,349,BLR0722254002,OLV,268,277,
C243,13,350,BLR0722254002,VER,368,379,
A015,6,375,BLR0722254003,GPR,264,,
C271,3,376,BLR0722254003,GPR,260,,
A324,11,377,BLR0722254003,GPR,284,,
C243,13,378,BLR0722254003,GPR,245,,
C271,3,379,BLR0722254801,KLP,267,,
A808,11,380,BLM0806250302,BLU,254,266,
A808,11,381,BLM0806250302,BLU,372,382,
C305,13,382,BLM0806250302,BLU,344,360,
C312,7,383,BLM0806250302,GPR,251,,
C305,13,384,BLM0806250302,GPR,230,,
A906,12,385,BLM0806250302,VER,460,471,
C059,6,386,BLM0806250302,GPR,270,,
C059,6,387,BLM0806250302,BLU,370,385,
C305,13,388,BLM0806250302,VER,464,475,
D255,2,389,BLM0806250302,GPR,278,,
S236,8,390,BLM0806250302,VER,437,451,
D255,2,391,BLM0806250303,LCD,530,536,
C312,7,392,BLM0806250303,GPR,252,,
C293,1,393,BLM0806250303,GPR,284,,
C059,6,394,BLM0806250303,GPR,260,,
C059,6,395,BLM0806250303,GPR,280,,
C059,6,396,BLM0806250303,VER,451,467,
C293,1,397,BLM0806250303,VER,440,460,
C059,6,398,BLM0806250303,GPR,292,,
C305,13,399,BLM0806250303,GPR,276,,
A808,11,400,BLM0806250303,VER,450,461,
C305,13,401,BLM0806250701,OLV,374,388,
A808,11,402,BLM0806250701,OLV,360,370,
C305,13,403,BLM0806250701,OLV,350,366,
D255,7,404,BLM0806250701,OLV,350,365,
C293,6,405,BLM0806250701,BLU,200,208,
C015,2,406,PBR0716252202,BLU,245,259,
C015,2,407,PBR0716252202,GPR,285,,
C343,7,408,PBR0716252202,BLU,330,343,
C182,12,409,PBR0716252202,GPR,294,,
C016,1,410,PBR0716252202,BLU,220,233,
C015,2,411,PBR0716252202,GPR,305,,
C342,8,412,PBR0716252202,BLU,280,294,
C015,2,413,PBR0716252202,BLU,217,224,
C182,12,414,PBR0716252202,GPR,250,,
C015,2,415,PBR0716252202,BLU,159,165,
C313,11,416,PBR0716252202,GPR,294,,
C182,12,417,PBR0716252202,GPR,284,,
A410,3,418,PBR0716252202,GPR,304,,
C343,7,419,PBR0716252202,GPR,297,,
C182,12,420,PBR0716252202,BAY,298,,
C015,2,421,PBR0716252202,BLU,369,382,
C015,2,422,PBR0716252202,BLU,338,350,
C342,8,423,PBR0716252202,BAY,230,,
C343,7,424,PBR0716252202,GPR,257,,
A410,3,425,PBR0716252202,BLU,321,335,
C342,8,426,PBR0716252202,GPR,265,,
C342,8,427,PBR0716252202,BLU,338,352,
C015,2,428,PBR0716252202,GPR,280,,
C283,6,429,PBR0716252202,GPR,300,,
A410,3,430,PBR0716252202,LCD,544,550,
C016,1,431,PBR0716252202,GPR,270,,
C338,6,432,BLR0722254801,GPR,203,,
C338,6,433,BLR0722254801,LCD,632,,
C243,13,434,BLR0722254801,BLU,296,312,
C295,2,435,BLR0722254801,GPR,235,,
A488,12,436,BLR0722254801,GPR,194,,
C271,3,437,BLR0722254801,GPR,223,,
C243,13,438,BLR0722254801,BLU,320,335,
C338,6,439,BLR0722254801,GPR,249,,
C005,7,440,BLR0722254801,LCD,557,567,
C338,6,441,BLR0722254801,GPR,242,,
A488,12,442,BLR0722254801,GPR,249,,
C243,13,443,BLR0722254801,BLU,305,320,
C295,2,444,BLR0722254801,GPR,252,,
C271,3,445,BLR0722254801,GPR,262,,
A324,1,446,BLR0722254801,GPR,241,,
A324,1,447,BLR0722254801,OLV,225,233,
A488,12,448,BLR0722254801,OLV,384,400,
C005,7,449,BLR0722254801,GPR,205,,
C243,13,450,BLR0722254801,KLP,331,,
A488,12,451,BLR0722254801,KLP,312,,
C243,13,452,BLR0722254801,BLU,252,264,
C346,12,478,PBR0729252001,GPR,310,,
A313,2,479,PBR0729252001,GPR,269,,
C346,12,480,PBR0729252001,GPR,255,,
S038,1,481,PBR0729252001,GPR,249,,
S038,1,482,PBR0729252001,GPR,293,,
D131,6,483,PBR0729252002,BLU,210,220,
A313,2,484,PBR0729252002,GPR,254,,
C347,13,485,PBR0729252002,GPR,289,,
A165,7,486,PBR0729252002,GPR,270,,
C347,13,487,PBR0729252002,BLU,200,210,
A165,7,488,PBR0729252002,GPR,250,,
A324,4,489,PBR0729252002,LCD,570,,
C235,14,490,PBR0729252002,BLU,325,345,
C251,3,491,PBR0729252002,GPR,255,,
A313,2,492,PBR0729252002,BLU,333,345,
A165,7,493,PBR0729252002,GPR,274,,
S038,1,494,PBR0729252002,GPR,270,,
S038,1,495,PBR0729252002,OLV,228,236,
A324,4,496,PBR0729252003,BLU,155,163,
S038,1,497,PBR0729252003,LCD,579,585,
C251,3,498,PBR0729252003,BLU,260,269,
A005,8,499,PBR0729252003,BLU,254,266,
C322,11,500,PBR0729252003,BLU,226,235,
C346,12,501,PBR0729252003,BLU,249,262,
C346,12,502,PBR0729252003,BLU,325,331,
C235,14,503,PBR0729252003,BLU,386,402,
C346,12,504,PBR0729252003,BLU,318,333,
C235,14,505,PBR0729252003,BLU,309,324,
A165,7,506,PBR0729252003,BLU,220,228,
C235,14,507,PBR0729252003,BLU,271,285,
C235,14,508,PBR0729252003,BLU,327,343,
C322,11,509,PBR0729252003,BLU,383,400,
D131,6,510,PBR0729252003,BLU,205,216,
A313,2,511,PBR0729252003,BLU,260,271,
A324,4,512,PBR0729252003,GPR,240,,
C235,14,513,PBR0729252003,GPR,285,,
D131,6,514,PBR0729252003,BLU,290,305,
C322,11,515,PBR0729252003,BLU,270,281,
A005,8,516,PBR0729252003,BLU,203,215,
C322,11,517,PBR0729252003,BLU,305,323,
S038,1,518,PBR0729252003,GPR,275,,
A005,3,519,PBR0729251701,GPR,285,,
C346,12,520,PBR0729251701,BLU,291,306,
A165,2,521,PBR0729251701,LCD,554,560,
A313,7,522,PBR0729251701,OLV,230,238,
C345,4,523,PBR0729251701,BLU,293,310,
S038,6,524,PBR0729251701,VER,300,305,
A165,2,525,PBR0729251701,CBZ,335,,
C346,12,526,PBR0729251701,BLU,301,314,
C345,4,527,PBR0729251701,BLU,274,293,
C346,12,528,PBR0729251701,BLU,215,229,
C251,8,529,PBR0729251701,GPR,259,,
A313,7,530,PBR0729251701,OLV,305,318,
C346,12,531,PBR0729251701,BLU,350,367,
A324,9,532,PBR0729251701,BLU,285,297,
A165,2,533,PBR0729251701,LCD,576,584,
C251,8,534,PBR0729251701,LCD,440,445,
A165,2,535,PBR0729251702,GPR,279,,
A313,7,536,PBR0729251702,GPR,287,,
A005,3,537,PBR0729251702,BLU,124,127,
A165,2,538,PBR0729251702,VER,304,314,
S038,6,539,PBR0729251702,GPR,260,,
A005,3,540,PBR0729251702,GPR,269,,
C251,8,541,PBR0729251702,BLU,164,172,
S038,6,542,PBR0729251702,GPR,234,,
A165,2,543,PBR0729251702,GPR,265,,
C322,11,544,PBR0729251702,GPR,273,,
A165,2,545,PBR0729251702,GPR,243,,
A005,3,546,PBR0729251702,GPR,285,,
C235,14,547,PBR0729251702,GPR,259,,
C322,11,548,PBR0729251702,GPR,250,,
C251,8,549,PBR0729251702,GPR,281,,
C235,14,550,PBR0729251702,GPR,272,,
A005,3,551,PBR0729251702,GPR,286,,
S038,6,552,PBR0729251702,BLU,167,175,
S038,6,553,PBR0729251703,BLU,250,262,
A165,2,554,PBR0729251703,GPR,265,,
C322,11,555,PBR0729251703,GPR,255,,
C235,14,556,PBR0729251703,GPR,265,,
A005,3,557,PBR0729251703,BLU,340,360,
D131,1,558,PBR0729251703,GPR,227,,
A324,9,559,PBR0729251703,GPR,276,,
A165,2,560,PBR0729251703,GPR,254,,
S038,6,561,PBR0729251703,GPR,223,,
A313,7,562,PBR0729251703,GPR,268,,
S038,6,563,PBR0729251703,TRE,306,,
C235,14,564,PBR0729251704,BLU,284,300,
A165,2,565,PBR0729251704,GPR,202,,
C322,11,566,PBR0729251704,GPR,237,,
S038,6,567,PBR0729251704,GPR,253,,
C347,13,568,PBR0729251704,LCD,587,595,
S038,6,569,PBR0729251704,GPR,281,,
C345,4,570,PBR0729251704,BLU,177,185,
C345,14,571,PBR0729251501,GPR,266,,
D131,11,572,PBR0729251501,GPR,291,,
A324,4,573,PBR0729251501,GPR,280,,
C322,6,574,PBR0729251501,GPR,270,,
A005,13,575,PBR0729251503,GPR,250,,
D131,11,576,PBR0729251503,GPR,275,,
A313,2,577,PBR0729251503,BLU,304,318,
A005,13,578,PBR0729251503,GPR,291,,
A313,2,579,PBR0729251503,LCD,471,483,
A165,12,580,PBR0729251503,GPR,305,,
C345,14,581,PBR0729251503,BLU,280,294,
S038,1,582,PBR0729251503,GPR,251,,
D131,11,583,PBR0729251503,GPR,269,,
C346,7,584,PBR0729251503,BLU,254,261,
C345,14,585,PBR0729251503,BLU,345,360,
C251,3,586,PBR0729251503,BLU,277,293,
A324,4,587,PBR0729251503,BLU,238,246,
S038,1,588,PBR0729251503,BLU,340,356,
S038,1,589,PBR0729251503,LCD,610,,
C251,3,590,PBR0729251503,BLU,233,241,
C235,9,591,PBR0729251401,BLU,286,295,
C235,9,592,PBR0729251401,BLU,314,327,
A313,12,593,PBR0729251401,OLV,265,274,
C346,7,594,PBR0729251401,BLA,310,320,
C346,7,595,PBR0729251401,BLA,283,291,
D131,1,596,PBR0729251401,GPR,271,,
S038,11,597,PBR0729251401,BLU,331,349,
S038,11,598,PBR0729251401,GPR,264,,
C235,9,599,PBR0729251401,BLA,329,331,
C235,9,600,PBR0729251401,BLA,330,339,
C345,4,601,PBR0729251401,BLU,300,315,
C322,6,602,PBR0729251401,BLU,324,340,
A324,14,603,PBR0729251401,BLA,325,337,
C346,7,604,PBR0729251401,GPR,285,,
S038,11,605,PBR0729251401,GPR,253,,
A324,14,606,PBR0729251401,BLU,255,271,
S038,11,607,PBR0729251401,BLA,280,289,
A324,14,632,PBR0729251403,BLU,155,162,
C305,13,684,BLM0806250701,OLV,385,396,
S236,12,685,BLM0806250701,OLV,407,416,
S236,12,686,BLM0806250701,BLU,370,375,
C059,1,687,BLM0806250701,CPR,415,,
A808,11,688,BLM0806250701,BLU,274,285,
C312,2,689,BLM0806250701,OLV,385,399,
A906,8,690,BLM0806250701,OLV,350,361,
A808,11,691,BLM0806250701,OLV,355,359,
D255,7,692,BLM0806250701,OLV,401,420,
D255,7,693,BLM0806250701,OLV,349,359,
D255,7,694,BLM0806250701,BLU,300,315,
A906,8,695,BLM0806250701,OLV,368,372,
C293,6,696,BLM0806250701,GPR,220,,
D255,7,697,BLM0806250701,OLV,398,416,
D255,7,698,BLM0806250701,BLU,314,328,
D255,7,699,BLM0806250701,OLV,395,408,
C059,1,700,BLM0806250701,CPR,451,456,
D255,7,701,BLM0806250701,OLV,374,389,
A808,11,702,BLM0806250701,OLV,336,342,
D255,7,703,BLM0806250701,BLU,280,296,
A808,11,704,BLM0806250701,OLV,357,368,
C293,6,705,BLM0806250701,OLV,372,386,
A906,8,706,BLM0806250701,OLV,365,376,
D255,7,707,BLM0806250701,OLV,472,490,
C305,13,708,BLM0806250701,GPR,245,,
C293,6,709,BLM0806250701,OLV,360,376,
C312,2,710,BLM0806250701,BCO,526,544,
A906,8,711,BLM0806250701,OLV,291,301,
C293,6,712,BLM0806250701,OLV,315,330,
C293,6,713,BLM0806250701,OLV,360,375,
C059,1,714,BLM0806250701,OLV,431,447,
C059,1,715,BLM0806250701,KLP,363,,
C305,13,716,BLM0806250702,BLU,346,361,
C312,2,717,BLM0806250702,OLV,418,437,
C293,6,718,BLM0806250702,BCO,473,495,
A808,11,719,BLM0806250702,BLU,365,384,
D255,7,720,BLM0806250702,OLV,311,318,
D255,7,721,BLM0806250702,BLU,311,319,
C305,13,722,BLM0806250702,VER,460,470,
S236,12,723,BLM0806250702,BLU,346,361,
C293,6,724,BLM0806250702,BLU,380,394,
S236,12,725,BLM0806250702,BLU,207,215,
A906,8,726,BLM0806250702,OLV,324,329,
A906,8,727,BLM0806250702,OLV,387,394,
A906,8,728,BLM0806250702,BLU,199,204,
C312,2,729,BLM0806250702,CPR,434,444,
D255,7,730,BLM0806250702,GPR,268,,
C293,6,731,BLM0806250702,BLU,349,362,
C293,6,732,BLM0806250702,GPR,255,,
C312,2,733,BLM0806250702,BLU,338,350,
S236,12,734,BLM0806250702,OLV,366,380,
C293,6,735,BLM0806250702,BLU,367,384,
C293,6,736,BLM0806250702,OLV,272,278,
D255,7,737,BLM0806250702,OLV,345,359,
A906,8,738,BLM0806250702,BLU,239,249,
C293,6,739,BLM0806250702,OLV,356,366,
A808,11,740,BLM0806250702,BLU,355,371,
C305,13,741,BLM0806250702,GPR,266,,
C305,13,742,BLM0806250702,BLU,377,393,
C059,1,743,BLM0806250702,VER,439,454,
C293,6,744,BLM0806250702,BLU,341,354,
D255,7,745,BLM0806250702,BLU,306,322,
D255,7,746,BLM0806250702,BLU,257,265,
C312,2,747,BLM0806250702,KLP,350,,
D255,7,748,BLM0806250702,CPR,467,478,
C059,1,749,BLM0806250702,GPR,280,,
S236,12,750,BLM0806250702,BLU,246,257,
C305,13,751,BLM0806250702,VER,450,462,
C312,2,752,BLM0806250702,BLU,229,240,
C321,12,753,PBR0813252001,GPR,286,,
A410,6,754,PBR0813252001,GPR,269,,
C243,13,755,PBR0813252001,GPR,264,,
C255,11,756,PBR0813252001,GPR,274,,
C173,4,757,PBR0813252001,GPR,265,,
A015,8,758,PBR0813252002,GPR,257,,
C271,3,759,BLR0722254802,OLV,340,352,
A488,12,760,BLR0722254802,GPR,245,,
C338,6,761,BLR0722254802,GPR,282,,
A324,1,762,BLR0722254802,GPR,263,,
C295,2,763,BLR0722254802,OLV,256,261,
C243,13,764,BLR0722254802,KLP,280,,
A015,11,765,BLR0722254802,GPR,271,,
A488,12,766,BLR0722254802,GPR,271,,
C338,6,767,BLR0722254802,OLV,276,286,
C271,3,768,BLR0722254802,GPR,265,,
A015,11,769,BLR0722254802,OLV,272,279,
A488,12,770,BLR0722254802,BLU,151,159,
C338,6,771,BLR0722254802,GPR,263,,
C271,3,772,BLR0722254802,GPR,259,,
A015,11,773,BLR0722254802,OLV,240,250,
C338,6,774,BLR0722254802,GPR,261,,
C338,6,775,BLR0722254802,GPR,232,,
C271,3,776,BLR0722254802,GPR,256,,
C005,7,777,BLR0722254802,GPR,226,,
C338,6,778,BLR0722254802,GPR,227,,
C295,2,779,BLR0722254802,GPR,250,,
A015,11,780,BLR0722254803,GPR,266,,
C005,7,781,BLR0722254803,GPR,237,,
A488,12,782,BLR0722254803,VER,345,350,
C338,6,783,BLR0722254803,GPR,252,,
C338,6,784,BLR0722254803,GPR,260,,
C271,3,785,BLR0722254803,GPR,259,,
C271,3,786,BLR0722254803,KLP,330,,
C338,6,787,BLR0722254803,GPR,225,,
C338,6,788,BLR0722254803,BLU,274,287,
A324,1,789,BLR0722254803,GPR,262,,
C005,7,790,BLR0722254803,KLP,293,,
C271,3,791,BLR0722254803,BLU,219,230,
A015,11,792,BLR0722254803,GPR,249,,
C338,6,793,BLR0722254803,GPR,250,,
C243,13,794,BLR0722254803,OLV,293,304,
C338,6,795,BLR0722254803,OLV,250,255,
C338,6,796,BLR0722254803,GPR,189,,
C243,13,797,BLR0722254803,BLU,134,140,
A488,12,798,BLR0722254803,GPR,226,,
A488,12,799,BLR0722254803,GPR,235,,
A015,11,800,BLR0722254803,KLP,319,,
C243,13,801,BLR0722254803,OLV,220,228,
C271,3,802,BLR0722254803,BLU,163,174,
C271,3,803,BLR0722255301,BLU,180,190,
A488,2,804,BLR0722255301,BLU,168,176,
C338,11,805,BLR0722255301,GPR,245,,
C005,12,806,BLR0722255301,GPR,240,,
C295,7,807,BLR0722255301,LCD,440,,
C005,12,808,BLR0722255301,GPR,250,,
C271,3,809,BLR0722255301,BLU,149,153,
A324,6,810,BLR0722255301,GPR,232,,
C295,7,811,BLR0722255301,GPR,230,,
A324,6,812,BLR0722255301,OLV,190,196,
A488,2,813,BLR0722255301,GPR,270,,
C295,7,814,BLR0722255301,GPR,186,,
C271,3,815,BLR0722255301,BLU,115,119,
A324,6,816,BLR0722255301,GPR,225,,
C295,7,817,BLR0722255301,GPR,251,,
A015,1,818,BLR0722255301,VER,334,341,
C338,11,819,BLR0722255301,GPR,213,,
C005,12,820,BLR0722255301,GPR,250,,
A324,6,821,BLR0722255301,GPR,223,,
A015,1,822,BLR0722255301,GPR,194,,
C005,12,823,BLR0722255301,GPR,234,,
C243,13,824,BLR0722255301,GPR,232,,
C338,11,825,BLR0722255301,OLV,352,362,
C338,11,826,BLR0722255301,OLV,360,375,
C271,3,827,BLR0722255301,GPR,284,,
A324,6,828,BLR0722255301,GPR,264,,
C338,11,829,BLR0722255301,GPR,190,,
C005,12,830,BLR0722255302,TRE,314,,
C243,13,831,BLR0722255302,LCD,666,675,
C005,12,832,BLR0722255302,GPR,215,,
A324,6,833,BLR0722255302,GPR,173,,
C338,11,834,BLR0722255302,BLU,264,280,
C005,12,835,BLR0722255302,GPR,223,,
C243,13,836,BLR0722255302,GPR,206,,
C295,7,837,BLR0722255302,OLV,152,155,
A488,2,838,BLR0722255302,GPR,271,,
A015,1,839,BLR0722255302,KLP,285,,
C338,11,840,BLR0722255302,GPR,221,,
A015,1,841,BLR0722255302,BLU,237,250,
A015,1,842,BLR0722255302,OLV,315,325,
C243,13,843,BLR0722255302,GPR,194,,
C005,12,844,BLR0722255302,GPR,234,,
A324,6,845,BLR0722255302,GPR,274,,
C295,7,846,BLR0722255303,GPR,280,,
C338,11,847,BLR0722255303,GPR,310,,
A015,1,848,BLR0722255303,GPR,238,,
C271,3,849,BLR0722255303,GPR,290,,
C005,12,850,BLR0722255303,GPR,222,,
C295,7,851,BLR0722255303,GPR,270,,
C005,12,852,BLR0722255303,GPR,265,,
C271,3,853,BLR0722255303,GPR,294,,
A015,1,854,BLR0722255303,BLU,294,313,
C271,3,855,BLR0722255303,GPR,282,,
C271,3,856,BLR0722255303,GPR,274,,
A015,1,857,BLR0722255303,GPR,283,,
A015,1,858,BLR0722255303,GPR,281,,
A324,6,859,BLR0722255303,GPR,282,,
C271,3,860,BLR0722255303,GPR,286,,
C005,6,861,BLM0723250301,GPR,250,,
C113,3,862,BLM0723250301,BLU,200,210,
A488,12,863,BLM0723250301,BLU,335,346,
C005,6,864,BLM0723250301,BLU,340,356,
C182,2,865,BLM0723250301,GPR,264,,
C338,11,866,BLM0723250301,BLU,343,357,
C338,11,867,BLM0723250301,OLV,335,350,
C251,13,868,BLM0723250301,YTL,301,307,
C182,2,869,BLM0723250301,VER,427,440,
A488,12,870,BLM0723250301,BLU,225,230,
C343,7,871,BLM0723250301,YTL,275,284,
A488,12,872,BLM0723250301,GPR,194,,
A015,1,873,BLM0723250301,RSY,208,,
A488,12,874,BLM0723250301,GPR,255,,
C338,11,875,BLM0723250301,BLU,307,322,
C338,11,876,BLM0723250301,GPR,238,,
C343,7,877,BLM0723250301,OLV,236,245,
C343,7,878,BLM0723250301,BLU,234,243,
C343,7,879,BLM0723250301,GPR,240,,
C182,2,880,BLM0723250301,GPR,255,,
A015,1,881,BLM0723250301,GPR,269,,
A488,12,882,BLM0723250301,GPR,283,,
C251,13,883,BLM0723250301,OLV,152,157,
C182,2,884,BLM0723250301,GPR,279,,
C338,11,885,BLM0723250301,CPR,417,,
A015,1,886,BLM0723250301,GPR,256,,
A488,12,887,BLM0723250301,GPR,267,,
C005,6,888,BLM0723250301,BLU,159,166,
C005,6,889,BLM0723250301,GPR,274,,
A488,12,890,BLM0723250301,GPR,257,,
C113,3,891,BLM0723250301,GPR,277,,
A015,1,892,BLM0723250301,GPR,264,,
C005,6,893,BLM0723250301,VER,465,485,
C251,13,894,BLM0723250301,GPR,255,,
C113,3,895,BLM0723250301,RSY,189,,
A015,1,896,BLM0723250301,RSY,195,,
C338,11,897,BLM0723250302,BLU,340,356,
A488,12,898,BLM0723250302,WHT,440,465,
C251,13,899,BLM0723250302,BCO,486,499,
C251,13,900,BLM0723250302,BLU,310,325,
A015,1,901,BLM0723250302,BLU,337,354,
A488,12,902,BLM0723250302,BLU,238,246,
A000,,903,BLM0723250302,CPR,,,
C251,13,904,BLM0723250302,BLU,299,313,
C182,2,905,BLM0723250302,BLU,306,321,
C182,2,906,BLM0723250302,BLU,370,385,
C338,11,907,BLM0723250302,WHT,471,490,
C251,13,908,BLM0723250302,BLU,229,236,
A488,12,909,BLM0723250302,SRY,285,,
C182,2,910,BLM0723250302,SRY,300,,
C251,13,911,BLM0723250302,BLU,321,338,
A488,12,912,BLM0723250302,BLU,239,245,
A015,1,913,BLM0723250302,BLU,266,276,
A015,1,914,BLM0723250302,BLU,302,315,
C338,11,915,BLM0723250302,BCO,356,370,
C338,11,916,BLM0723250302,BLU,230,245,
C005,6,917,BLM0723250302,CPR,460,,
C005,6,918,BLM0723250302,BCO,525,544,
C343,7,919,BLM0723250302,BLU,172,180,
A488,12,920,BLM0723250302,BLU,263,271,
A488,12,921,BLM0723250302,BLU,369,382,
C343,7,922,BLM0723250302,BLU,249,260,
C343,7,923,BLM0723250302,GPR,230,,
C113,3,924,BLM0723250302,VER,450,470,
A015,1,925,BLM0723250302,BLU,326,336,
A015,1,926,BLM0723250302,GPR,273,,
C343,7,927,BLM0723250302,GPR,216,,
C182,2,928,BLM0723250302,GPR,267,,
A488,12,929,BLM0723250302,BLU,266,279,
A488,12,930,BLM0723250302,BLU,390,400,
C251,13,931,BLM0723250302,BLU,360,376,
C343,7,932,BLM0723250302,GPR,215,,
C251,13,933,BLM0723250302,BLU,324,338,
C343,7,934,BLM0723250302,YTL,241,245,
C343,7,935,BLM0723250302,BLU,238,258,
C343,7,936,BLM0723250302,BLU,301,316,
C338,11,937,BLM0723250302,CHN,300,,
C005,6,938,BLM0723250302,GPR,237,,
C005,6,939,BLM0723250302,BLU,239,250,
C182,2,940,BLM0723250302,GPR,254,,
C182,2,941,BLM0723250302,BLU,274,280,
C338,11,942,BLM0723250302,BLU,340,355,
C343,7,943,BLM0723250302,GPR,275,,
C338,11,944,BLM0723250302,BLU,259,271,
C113,3,945,BLM0723250302,GPR,269,,
C251,13,946,BLM0723250302,OLV,335,345,
C113,3,947,BLM0723250302,BLU,345,355,
C251,13,949,BLM0723250302,BLU,260,270,
C251,13,950,BLM0723250302,BLU,185,194,
A488,12,951,BLM0723250302,YTL,229,234,
C005,6,952,BLM0723250302,BLU,351,364,
C338,11,953,BLM0723250302,WHT,457,496,
A488,12,954,BLM0723250302,BLU,370,384,
A015,1,955,BLM0723250303,OLV,333,341,
C113,3,956,BLM0723250303,BLU,359,379,
A488,12,957,BLM0723250303,GPR,250,,
C113,3,958,BLM0723250303,BLU,364,380,
C113,3,959,BLM0723250303,BLU,234,245,
C251,13,960,BLM0723250303,BLU,363,372,
C005,6,961,BLM0723250303,BLU,300,314,
C005,6,962,BLM0723250303,BLU,224,238,
C343,7,963,BLM0723250303,GPR,235,,
A015,1,964,BLM0723250303,CPR,445,459,
C182,2,965,BLM0723250303,BLU,334,348,
A015,1,966,BLM0723250303,LCD,570,,
C251,13,967,BLM0723250303,YTL,265,271,
C182,2,968,BLM0723250303,OLV,415,430,
A488,12,969,BLM0723250303,BLU,385,396,
A015,1,970,BLM0723250303,BLU,357,368,
A182,2,971,BLM0723250303,BLU,290,305,
C251,13,972,BLM0723250303,RSY,194,,
C338,11,973,BLM0723250303,GPR,260,,
A488,12,974,BLM0723250303,SRY,339,,
C182,2,975,BLM0723250303,OLV,336,347,
D255,7,976,BLM0806250703,OLV,341,356,
D255,7,977,BLM0806250703,OLV,364,380,
C293,6,978,BLM0806250703,GPR,213,,
C312,2,979,BLM0806250703,OLV,364,381,
A906,8,980,BLM0806250703,OLV,420,430,
C305,13,981,BLM0806250703,OLV,428,447,
D255,7,982,BLM0806250703,OLV,436,449,
C293,6,983,BLM0806250703,OLV,390,412,
C293,6,984,BLM0806250703,GPR,243,,
A906,8,985,BLM0806250703,OLV,316,323,
A808,11,986,BLM0806250703,OLV,354,370,
C312,2,987,BLM0806250703,OLV,370,380,
C312,2,988,BLM0806250703,OLV,350,360,
C293,6,989,BLM0806250703,BLU,359,374,
A906,8,990,BLM0806250703,BLU,366,376,
A906,8,991,BLM0806250703,BLU,294,304,
C293,6,992,BLM0806250703,BLU,338,356,
A906,8,993,BLM0806250703,OLV,346,356,
C059,1,994,BLM0806250703,CPR,440,450,
C312,2,995,BLM0806250703,OLV,352,365,
D255,7,996,BLM0806250703,OLV,399,407,
C312,2,997,BLM0806250703,OLV,340,352,
A410,8,3029,PBM0730250501,GPR,276,,
C352,12,3030,PBM0730250501,GPR,291,,
C322,13,3031,PBM0730250501,VER,449,455,
C322,13,3032,PBM0730250502,CPR,458,,
A410,8,3033,PBM0730250502,GPR,291,,
C255,2,3034,PBM0730250502,GPR,299,,
C235,7,3035,PBM0730250502,GPR,294,,
C244,4,3036,PBM0730250502,GPR,280,,
C352,12,3037,PBM0730250502,VER,405,412,
C322,13,3038,PBM0730250502,GPR,290,,
C182,3,3039,PBM0730250502,GPR,312,,
A165,1,3040,PBM0730250502,GPR,261,,
C235,7,3041,PBM0730250502,GPR,270,,
C352,12,3042,PBM0730250502,BLU,302,311,
C322,13,3043,PBM0730250502,BLU,256,266,
C015,6,3044,PBM0730250502,BLU,190,196,
C182,3,3045,PBM0730250502,OLV,229,235,
C255,2,3046,PBM0730250502,GPR,289,,
C244,4,3047,PBM0730250502,VER,400,408,
C352,12,3048,PBM0730250502,BLU,265,276,
C235,7,3049,PBM0730250502,BLU,241,254,
A410,8,3050,PBM0730250502,GPR,299,,
C182,3,3051,PBM0730250502,GPR,285,,
C352,12,3052,PBM0730250502,GPR,283,,
C255,2,3053,PBM0730250502,BLU,240,250,
C255,2,3054,PBM0730250502,GPR,295,,
C015,6,3055,PBM0730250502,GPR,294,,
C352,12,3056,PBM0730250502,BLU,237,248,
C322,13,3057,PBM0730250502,BLU,238,251,
C244,4,3058,PBM0730250502,VER,401,415,
C235,7,3059,PBM0730250502,VER,422,434,
C352,12,3060,PBM0730250502,GPR,291,,
C235,7,3061,PBM0730250502,OLV,421,435,
C182,3,3062,PBM0730250502,GPR,294,,
A165,1,3063,PBM0730250502,GPR,287,,
C255,2,3064,PBM0730250502,GPR,319,,
C322,13,3065,PBM0730250502,GPR,260,,
C015,6,3066,PBM0730250502,VER,395,410,
A410,8,3067,PBM0730250502,GPR,215,,
C235,7,3068,PBM0730250502,VER,453,465,
C352,12,3069,PBM0730250502,GPR,289,,
C182,3,3070,PBM0730250502,CPR,424,,
C015,6,3071,PBM0730250502,GPR,295,,
C244,4,3072,PBM0730250502,VER,460,478,
C244,4,3073,PBM0730250502,GPR,298,,
C244,4,3074,PBM0730250502,GPR,298,,
C244,4,3075,PBM0730250502,GPR,253,,
C182,3,3076,PBM0730250503,OLV,321,332,
C255,2,3077,PBM0730250503,GPR,237,,
C322,13,3078,PBM0730250503,GPR,260,,
D255,7,998,BLM0806250703,BLU,344,359,
A808,11,999,BLM0806250703,OLV,450,475,
D255,7,1000,BLM0806250703,OLV,376,387,
C305,13,1001,BLM0806250703,BLU,345,361,
C293,6,1002,BLM0806250703,BLU,354,365,
C059,1,1003,BLM0806250703,CPR,420,430,
D255,7,1004,BLM0806250703,BLU,270,284,
A808,11,1005,BLM0806250703,BLU,300,319,
C293,6,1006,BLM0806250703,OLV,366,380,
C293,6,1007,BLM0806250703,OLV,345,358,
D255,7,1008,BLM0806250703,OLV,392,406,
C305,13,1009,BLM0806250703,OLV,381,400,
A906,8,1010,BLM0806250703,BLU,275,286,
C305,13,1011,BLM0806250703,GPR,211,,
A906,8,1012,BLM0806250703,BLU,311,322,
A906,8,1013,BLM0806250703,BLU,345,363,
C293,6,1014,BLM0806250703,OLV,341,352,
C293,6,1015,BLM0806250703,BLU,309,324,
A906,8,1016,BLM0806250703,BLU,292,304,
C305,13,1017,BLM0806250703,BLU,225,236,
C293,6,1018,BLM0806250703,BLU,354,370,
C293,6,1019,BLM0806250703,CPR,442,460,
C293,6,1020,BLM0806250703,OLV,346,356,
A808,11,1021,BLM0806250703,GPR,250,,
C182,3,1022,PBM0730250901,BLU,150,,
C255,2,1023,PBM0730250901,GPR,248,,
A410,12,1024,PBM0730250901,GPR,290,,
C235,13,1025,PBM0730250901,VER,455,475,
C015,11,1026,PBM0730250901,GPR,278,,
C322,8,1027,PBM0730250901,GPR,250,,
A165,1,1028,PBM0730250901,LCD,594,,
C244,4,1029,PBM0730250901,LCD,708,,
A410,12,1030,PBM0730250901,LCD,508,,
C351,6,1031,PBM0730250901,GPR,300,,
C235,13,1032,PBM0730250901,GPR,279,,
C235,13,1033,PBM0730250901,GPR,290,,
C015,11,1034,PBM0730250901,OLV,339,354,
C322,8,1035,PBM0730250901,GPR,287,,
A410,12,1036,PBM0730250901,BLU,320,340,
C351,6,1037,PBM0730250901,BLU,219,222,
C015,11,1038,PBM0730250901,BLU,330,347,
A410,12,1039,PBM0730250901,BLU,310,324,
C322,8,1040,PBM0730250901,BLU,250,259,
A410,12,1041,PBM0730250901,GPR,274,,
C351,6,1042,PBM0730250901,BLU,272,283,
A165,1,1043,PBM0730250901,GPR,286,,
A410,12,1044,PBM0730250901,OLV,295,304,
A165,1,1045,PBM0730250901,GPR,293,,
C235,13,1046,PBM0730250901,BLU,291,305,
C322,8,1047,PBM0730250901,BLU,255,268,
C352,7,1048,PBM0730250901,BLU,330,335,
C255,11,1049,BLR0709254001,GPR,277,,
C293,2,1050,PBM0715250301,PSD,225,,
C293,2,1051,PBM0715250301,VER,452,465,
C293,2,1052,PBM0715250301,OLV,329,342,
C113,3,1053,PBM0715250301,VER,398,402,
C293,2,1054,PBM0715250301,GPR,289,,
C293,2,1055,PBM0715250301,GPR,279,,
C229,11,1056,PBM0715250301,PSD,240,,
C283,7,1057,PBM0715250302,GPR,280,,
C313,12,1058,PBM0715250302,GPR,285,,
C283,7,1059,PBM0715250302,GPR,276,,
C293,2,1060,PBM0715250302,BLU,356,376,
C293,2,1061,PBM0715250302,GPR,254,,
C229,11,1062,PBM0715250302,GPR,277,,
C283,7,1063,PBM0715250302,GPR,235,,
C283,7,1064,PBM0715250302,GPR,286,,
C313,12,1065,PBM0715250302,GPR,275,,
C293,2,1066,PBM0715250302,BLU,308,321,
C113,3,1067,PBM0715250302,GPR,287,,
C229,11,1068,PBM0715250302,GPR,253,,
C251,6,1069,PBM0715250302,OLV,325,336,
C313,12,1070,PBM0715250302,GPR,273,,
A313,1,1071,PBM0715250302,GPR,304,,
C313,12,1072,PBM0715250302,BLU,246,257,
C229,11,1073,PBM0715250302,BLU,190,196,
C293,2,1074,PBM0715250302,GPR,291,,
C251,6,1075,PBM0715250302,GPR,296,,
C113,3,1076,PBM0715250302,BLU,347,362,
C353,8,1077,PBM0715250302,BLU,346,360,
C353,8,1078,PBM0715250302,OLV,336,347,
C283,7,1079,PBM0715250302,BLU,222,230,
C251,6,1080,PBM0715250302,BLU,189,199,
C229,11,1081,PBM0715250302,BLU,156,164,
C229,11,1082,PBM0715250302,GPR,245,,
C353,8,1083,PBM0715250302,BLU,252,260,
C353,8,1084,PBM0715250302,BLU,270,280,
C229,11,1085,PBM0715250302,BLU,267,280,
C293,2,1086,PBM0715250302,GPR,262,,
C293,2,1087,PBM0715250302,BLU,255,262,
C229,11,1088,PBM0715250302,RSY,186,191,
C313,12,1089,PBM0715250302,GPR,267,,
C229,11,1090,PBM0715250302,BLU,260,272,
C113,3,1091,PBM0715250302,GPR,270,,
D255,7,1092,BLM0806250703,OLV,339,348,
C312,2,1093,BLM0806250703,OLV,414,430,
D255,7,1094,BLM0806250703,OLV,409,422,
C312,2,1095,BLM0806250703,OLV,385,401,
C305,13,1096,BLM0806250703,GPR,258,,
D255,7,1097,BLM0806250703,BLU,156,165,
D255,7,1098,BLM0806250703,BLU,349,365,
D255,7,1099,BLM0806250703,OLV,418,427,
D255,7,1100,BLM0806250703,BLU,270,285,
D255,7,1101,BLM0806250703,BLU,261,270,
C059,6,1102,BLM0806251901,CPR,419,,
A906,2,1103,BLM0806251901,LCD,465,471,
A906,2,1104,BLM0806251901,VER,464,480,
C293,11,1105,BLM0806251901,GPR,274,,
C059,6,1106,BLM0806251901,GPR,263,,
D255,12,1107,BLM0806251901,LCD,541,551,
C059,6,1108,BLM0806251901,GPR,255,,
C305,13,1109,BLM0806251901,GPR,281,,
A906,2,1110,BLM0806251901,BLU,360,378,
C293,11,1111,BLM0806251901,GPR,281,,
C312,7,1112,BLM0806251901,GPR,245,,
D255,12,1113,BLM0806251901,CPR,448,,
A808,8,1114,BLM0806251901,GPR,280,,
D255,12,1115,BLM0806251901,VER,479,488,
C059,6,1116,BLM0806251901,CPR,225,,
C293,11,1117,BLM0806251901,BLU,326,339,
C293,11,1118,BLM0806251901,BLU,370,388,
C305,13,1119,BLM0806251901,VER,480,490,
S236,1,1120,BLM0806251901,GPR,276,,
D255,12,1121,BLM0806251901,BLU,376,390,
C293,11,1122,BLM0806251901,GPR,278,,
C059,6,1123,BLM0806251901,GPR,255,,
D255,12,1124,BLM0806251901,GPR,291,,
C305,13,1125,BLM0806251901,GPR,275,,
C312,7,1126,BLM0806251901,BLU,311,330,
C059,6,1127,BLM0806251901,GPR,284,,
C312,7,1128,BLM0806251901,GPR,242,,
C059,6,1129,BLM0806251902,GPR,315,,
C059,6,1130,BLM0806251902,GPR,300,,
C312,7,1131,BLM0806251902,BLU,140,145,
C293,11,1132,BLM0806251902,GPR,292,,
C305,13,1133,BLM0806251902,VER,425,440,
C059,6,1134,BLM0806251902,GPR,281,,
D255,12,1135,BLM0806251902,VER,411,423,
D255,12,1136,BLM0806251902,GPR,279,,
C293,11,1137,BLM0806251902,GPR,290,,
C312,7,1138,BLM0806251902,GPR,304,,
C059,6,1139,BLM0806251902,GPR,300,,
A906,2,1140,BLM0806251902,GPR,293,,
C305,13,1141,BLM0806251902,GPR,249,,
D255,12,1142,BLM0806251902,GPR,259,,
C293,11,1143,BLM0806251902,GPR,280,,
C312,7,1144,BLM0806251902,GPR,281,,
C350,13,1145,BLR0709254001,GPR,222,,
C243,13,1146,PBR0813252002,BLU,347,365,
C255,11,1147,PBR0813252002,BLU,301,319,
A410,6,1148,PBR0813252002,OLV,396,404,
C255,11,1149,PBR0813252002,BLU,364,380,
C243,13,1150,PBR0813252002,BLU,229,240,
A410,6,1151,PBR0813252002,GPR,250,,
C255,11,1152,PBR0813252002,BLU,314,328,
C321,12,1153,PBR0813252002,BLU,354,372,
C344,3,1154,PBR0813252002,BLU,181,189,
C016,2,1155,PBR0813252002,GPR,260,,
C321,12,1156,PBR0813252002,BLU,180,189,
C207,7,1157,PBR0813252002,BLU,191,200,
A015,8,1158,PBR0813252002,BLU,270,279,
C207,7,1159,PBR0813252002,BLU,376,390,
C207,7,1160,PBR0813252002,BLU,290,298,
C321,12,1161,PBR0813252002,GPR,275,,
A015,8,1162,PBR0813252002,BLU,290,306,
C243,13,1163,PBR0813252002,GPR,255,,
C255,11,1164,PBR0813252002,GPR,266,,
C321,12,1165,PBR0813252002,GPR,270,,
C243,13,1166,PBR0813252002,GPR,249,,
C207,7,1167,PBR0813252002,BLU,285,295,
C255,11,1168,PBR0813252002,GPR,258,,
C005,6,1169,BLM0723250303,GPR,234,,
C182,2,1170,BLM0723250303,BLU,390,419,
C113,3,1171,BLM0723250303,BLU,357,365,
A015,1,1172,BLM0723250303,OLV,150,,
C338,11,1173,BLM0723250303,OLV,319,325,
C251,13,1174,BLM0723250303,BLU,378,395,
C113,3,1175,BLM0723250303,RSY,210,,
C182,2,1176,BLM0723250303,BLU,279,292,
A015,1,1177,BLM0723250303,BLU,260,271,
A015,1,1178,BLM0723250303,RSY,177,,
C251,13,1179,BLM0723250303,BLU,269,283,
C251,13,1180,BLM0723250303,YTL,249,,
C338,11,1181,BLM0723250303,BLU,194,205,
A015,1,1182,BLM0723250303,BLU,359,369,
C005,6,1183,BLM0723250303,BLU,369,384,
C005,6,1184,BLM0723250303,BLU,350,362,
C113,3,1185,BLM0723250303,GPR,216,,
A488,12,1186,BLM0723250303,GPR,260,,
A015,1,1187,BLM0723250303,BLU,334,347,
A015,1,1188,BLM0723250303,WHT,504,539,
C182,7,1189,BLM0723251601,GPR,268,,
C113,3,1190,BLM0723251601,BLU,360,380,
A015,6,1191,BLM0723251601,GPR,236,,
A488,1,1192,BLM0723251601,VER,466,476,
C343,13,1193,BLM0723251601,CPR,485,,
C338,11,1194,BLM0723251601,CHN,325,,
C005,12,1195,BLM0723251601,VER,449,467,
A015,6,1196,BLM0723251601,GPR,230,,
C343,13,1197,BLM0723251601,GPR,263,,
C182,7,1198,BLM0723251601,VER,455,,
A488,1,1199,BLM0723251601,VER,446,454,
C005,12,1200,BLM0723251601,GPR,198,,
A015,6,1201,BLM0723251601,GPR,267,,
C113,3,1202,BLM0723251601,BLU,356,374,
C343,13,1203,BLM0723251601,GPR,225,,
A488,1,1204,BLM0723251601,BLU,340,354,
C343,13,1205,BLM0723251601,BLU,168,178,
C005,12,1206,BLM0723251601,GPR,259,,
C005,12,1207,BLM0723251601,GPR,250,,
C005,12,1208,BLM0723251601,GPR,267,,
C182,7,1209,BLM0723251601,BLU,165,173,
C182,7,1210,BLM0723251601,OLV,326,341,
C338,11,1211,BLM0723251601,WHT,455,480,
C182,7,1212,BLM0723251601,GPR,231,,
A015,6,1213,BLM0723251601,BLU,153,156,
C343,12,1214,BLM0723251601,WHT,570,614,
C338,11,1215,BLM0723251601,BLU,258,273,
C182,7,1216,BLM0723251601,GPR,266,,
A015,6,1217,BLM0723251601,BLU,209,220,
A015,6,1218,BLM0723251601,GPR,243,,
A488,1,1219,BLM0723251601,CPR,405,,
A015,6,1220,BLM0723251602,GPR,279,,
C343,13,1221,BLM0723251602,GPR,240,,
C251,2,1222,BLM0723251602,GPR,286,,
C005,12,1223,BLM0723251602,LCD,435,,
A488,1,1224,BLM0723251602,GPR,221,,
C005,12,1225,BLM0723251602,GPR,242,,
C251,2,1226,BLM0723251602,GPR,251,,
C005,12,1227,BLM0723251602,GPR,243,,
C005,12,1228,BLM0723251602,GPR,290,,
C251,2,1229,BLM0723251602,BLU,340,362,
A015,6,1230,BLM0723251602,OLV,216,225,
A015,6,1231,BLM0723251602,GPR,150,,
C251,2,1232,BLM0723251602,OLV,426,449,
C343,13,1233,BLM0723251602,VER,467,480,
A488,1,1234,BLM0723251602,BLU,350,371,
C182,7,1235,BLM0723251602,GPR,241,,
C338,11,1236,BLM0723251602,LCD,703,716,
C005,12,1237,BLM0723251602,VER,442,456,
A488,1,1238,BLM0723251602,VER,479,494,
C251,2,1239,BLM0723251602,OLV,400,417,
C343,13,1240,BLM0723251602,GPR,248,,
C182,7,1241,BLM0723251602,GPR,235,,
A488,1,1242,BLM0723251602,GPR,276,,
C251,2,1243,BLM0723251602,OLV,350,362,
C005,12,1244,BLM0723251602,GPR,241,,
A488,1,1245,BLM0723251602,GPR,276,,
C343,13,1246,BLM0723251602,GPR,226,,
C338,11,1247,BLM0723251602,CPR,465,,
C338,11,1248,BLM0723251603,GPR,256,,
C182,7,1249,BLM0723251603,OLV,355,367,
C343,13,1250,BLM0723251603,VER,465,475,
C113,3,1251,BLM0723251603,BLU,165,171,
C005,12,1252,BLM0723251603,BLU,170,182,
C182,7,1253,BLM0723251603,GPR,236,,
A488,1,1254,BLM0723251603,GPR,255,,
C182,7,1255,BLM0723251603,GPR,275,,
C338,11,1256,BLM0723251603,CPR,474,,
C251,2,1257,BLM0723251603,GPR,271,,
A015,6,1258,BLM0723251603,OLV,332,344,
C005,13,1259,BLM0723251603,GPR,249,,
C182,7,1260,BLM0723251603,CPR,471,,
C182,7,1261,BLM0723251603,CPR,468,,
C338,11,1262,BLM0723251603,GPR,252,,
C005,12,1263,BLM0723251603,GPR,169,,
C343,13,1264,BLM0723251603,GPR,237,,
C182,7,1265,BLM0723251603,GPR,254,,
C343,13,1266,BLM0723251603,GPR,232,,
C005,12,1267,BLM0723251603,GPR,266,,
C338,11,1268,BLM0723251603,GPR,296,,
C338,11,1269,BLM0723251603,BLU,99,100,
C251,2,1270,BLM0723251603,YTL,230,235,
C293,2,1271,PBM0715250303,GPR,287,,
C313,12,1272,PBM0715250303,BLU,319,332,
C313,12,1273,PBM0715250303,BLU,344,354,
C113,3,1274,PBM0715250303,BLU,338,354,
C113,3,1275,PBM0715250303,BLU,230,245,
C353,8,1276,PBM0715250303,GPR,277,,
C283,7,1277,PBM0715250303,BLU,358,374,
C229,11,1278,PBM0715250303,BLU,390,405,
C313,12,1279,PBM0715250303,BLU,309,325,
C293,2,1280,PBM0715250303,GPR,282,,
A313,1,1281,PBM0715250303,BLU,348,359,
C283,7,1282,PBM0715250303,BLU,365,380,
C229,11,1283,PBM0715250303,BLU,366,382,
C229,11,1284,PBM0715250303,BLU,221,234,
C251,6,1285,PBM0715250303,BLU,357,368,
C283,7,1286,PBM0715250303,BLU,254,262,
C283,7,1287,PBM0715250303,BLU,317,332,
C293,2,1288,PBM0715250303,GPR,302,,
C313,12,1289,PBM0715250303,BLU,215,224,
C313,12,1290,PBM0715250303,BLU,243,255,
C353,8,1291,PBM0715250303,LCD,704,716,
C313,12,1292,PBM0715250303,GPR,304,,
C251,6,1293,PBM0715250303,BLU,340,355,
C251,6,1294,PBM0715250303,BLU,335,355,
C283,7,1295,PBM0715250303,BLU,324,330,
C229,11,1296,PBM0715250303,GPR,293,,
C353,8,1297,PBM0715250303,BLU,222,233,
C283,7,1298,PBM0715250303,BLU,353,360,
C251,6,1299,PBM0715250303,BLU,332,349,
C251,6,1300,PBM0715250303,BLU,225,231,
C313,12,1301,PBM0715250303,OLV,508,526,
C113,3,1302,PBM0715250303,CHN,350,,
C113,3,1303,PBM0715250303,BLU,201,,
C283,7,1304,PBM0715250303,BLU,375,390,
C283,7,1305,PBM0715250303,BLU,234,240,
C313,12,1306,PBM0715250303,BLU,263,272,
C251,6,1307,PBM0715250303,GPR,237,,
C283,7,1308,PBM0715250303,BLU,349,362,
C283,7,1309,PBM0715250303,BLU,255,266,
C251,6,1310,PBM0715250303,BLU,303,320,
C293,2,1311,PBM0715250303,BLU,350,365,
C313,12,1312,PBM0715250303,BLU,210,222,
C283,7,1313,PBM0715250303,BLU,311,325,
C283,7,1314,PBM0715250303,BLU,275,280,
C251,6,1315,PBM0715250303,BLU,223,233,
C251,6,1316,PBM0715250303,BLU,270,281,
C113,3,1317,PBM0715250303,BLU,391,407,
C283,7,1318,PBM0715250303,BLU,296,304,
C283,7,1319,PBM0715250303,BLU,235,245,
C251,6,1320,PBM0715250303,BLU,311,326,
A313,1,1321,PBM0715250303,BLU,391,410,
C251,6,1322,PBM0715250303,BLU,383,392,
C251,6,1323,PBM0715250303,BLU,229,237,
A313,1,1324,PBM0715250303,BLU,294,305,
C283,7,1325,PBM0715250303,BLU,332,340,
C313,12,1326,PBM0715250303,LCD,665,,
C283,7,1327,PBM0715250303,BLU,285,292,
C283,7,1328,PBM0715250303,BLU,206,214,
A313,1,1329,PBM0715250303,BLU,350,366,
A313,1,1330,PBM0715250303,BLU,349,364,
C229,11,1331,PBM0715250303,BLU,271,285,
C113,3,1332,PBM0715250303,BLU,380,391,
C353,8,1333,PBM0715250303,BLU,232,242,
A313,1,1334,PBM0715250303,BLU,306,320,
C229,11,1335,PBM0715250303,BLU,279,292,
C293,2,1336,PBM0715250303,BLU,307,319,
C229,11,1337,PBM0715250303,BLU,226,236,
C251,6,1338,PBM0715250303,BLU,304,314,
C229,11,1339,PBM0715250303,BLU,159,166,
C229,11,1340,PBM0715250303,BLU,210,225,
C251,6,1341,PBM0715250303,BLU,187,195,
C229,11,1342,PBM0715250303,BLU,216,226,
C283,7,1343,PBM0715250303,BLU,229,240,
C283,7,1344,PBM0715250303,BLU,245,257,
C353,13,1345,PBM0715250801,BLU,245,254,
C283,12,1346,PBM0715250801,BLU,387,402,
C353,13,1347,PBM0715250801,OLV,375,390,
C313,2,1348,PBM0715250801,LCD,547,553,
C353,13,1349,PBM0715250801,BLU,357,378,
C251,11,1350,PBM0715250801,BLU,343,353,
C283,12,1351,PBM0715250801,OLV,360,372,
C251,11,1352,PBM0715250801,BLU,294,304,
C353,13,1353,PBM0715250801,BLU,341,357,
C229,1,1354,PBM0715250801,BLU,385,405,
C251,11,1355,PBM0715250801,BLU,254,265,
C283,12,1356,PBM0715250801,BLU,312,326,
C353,13,1357,PBM0715250801,BLU,259,269,
A313,6,1358,PBM0715250801,GPR,295,,
C293,7,1359,PBM0715250801,BLU,380,401,
C293,7,1360,PBM0715250801,BLU,215,220,
C283,12,1361,PBM0715250801,BLU,326,336,
C229,1,1362,PBM0715250801,BLU,358,374,
C353,13,1363,PBM0715250801,BLU,315,325,
C229,1,1364,PBM0715250801,BLU,376,389,
A313,6,1365,PBM0715250801,OLV,404,413,
C293,7,1366,PBM0715250801,SRY,336,,
C251,11,1367,PBM0715250801,BLU,310,323,
C293,7,1368,PBM0715250801,BLU,295,309,
C283,12,1369,PBM0715250801,BLU,337,385,
C283,12,1370,PBM0715250801,BLU,265,275,
C353,13,1371,PBM0715250801,BLU,330,345,
C313,2,1372,PBM0715250801,BLU,259,274,
C313,2,1373,PBM0715250801,BLU,297,304,
C293,7,1374,PBM0715250801,OLV,417,429,
C113,3,1375,PBM0715250801,BLU,343,355,
C113,3,1376,PBM0715250801,BLU,348,358,
C229,1,1377,PBM0715250801,OLV,415,431,
C293,7,1378,PBM0715250801,BLU,360,375,
C353,13,1379,PBM0715250801,BLU,366,380,
C353,13,1380,PBM0715250801,BLU,186,191,
C283,12,1381,PBM0715250801,BLU,285,300,
C283,12,1382,PBM0715250801,BLU,300,312,
C293,7,1383,PBM0715250801,BLU,370,382,
C293,7,1384,PBM0715250801,BLU,340,355,
C113,3,1385,PBM0715250801,BLU,255,266,
C353,13,1386,PBM0715250801,BLU,198,209,
C353,13,1387,PBM0715250801,BLU,259,270,
C313,2,1388,PBM0715250801,BLU,353,364,
C313,2,1389,PBM0715250801,BLU,323,334,
C293,7,1390,PBM0715250801,BLU,314,327,
C293,7,1391,PBM0715250801,BLU,364,376,
C113,3,1392,PBM0715250801,BLU,166,175,
A313,6,1393,PBM0715250801,BLU,341,355,
C353,13,1394,PBM0715250801,VER,420,431,
C313,2,1395,PBM0715250801,BLU,340,355,
C313,2,1396,PBM0715250801,BLU,308,320,
C293,7,1397,PBM0715250801,VER,395,409,
C353,13,1398,PBM0715250801,BLU,330,344,
C313,2,1399,PBM0715250801,BLU,314,329,
A313,6,1400,PBM0715250801,BLU,330,346,
C313,2,1401,PBM0715250801,BLU,345,364,
C313,2,1402,PBM0715250801,BLU,187,196,
C313,2,1403,PBM0715250801,BLU,356,370,
A313,6,1404,PBM0715250801,BLU,355,371,
C251,11,1405,PBM0715250801,BLU,299,310,
C113,3,1406,PBM0715250801,BLU,329,345,
C251,11,1407,PBM0715250801,BLU,320,335,
C113,3,1408,PBM0715250801,BLU,225,234,
C283,12,1409,PBM0715250801,BLU,324,338,
C283,12,1410,PBM0715250801,BLU,360,378,
C353,13,1411,PBM0715250801,BLU,345,359,
C353,13,1412,PBM0715250801,BLU,300,315,
C293,7,1413,PBM0715250801,GPR,270,,
C293,7,1414,PBM0715250801,GPR,190,,
C293,7,1415,PBM0715250801,BLU,279,290,
C283,12,1416,PBM0715250801,BLU,250,262,
C283,12,1417,PBM0715250801,BLU,277,290,
C353,13,1418,PBM0715250801,BLU,360,380,
A313,6,1419,PBM0715250801,BLU,340,362,
C229,1,1420,PBM0715250801,BLU,292,305,
C293,7,1421,PBM0715250801,BLU,256,266,
C293,7,1422,PBM0715250801,BLU,189,197,
C229,1,1423,PBM0715250801,BLU,284,299,
C293,7,1424,PBM0715250801,BLU,300,316,
C353,13,1425,PBM0715250801,BLU,349,365,
C283,12,1426,PBM0715250801,BLU,355,375,
C283,12,1427,PBM0715250801,BLU,270,286,
C113,3,1428,PBM0715250801,VER,405,419,
C251,11,1429,PBM0715250801,BLU,365,382,
C251,11,1430,PBM0715250801,BLU,295,306,
C251,11,1431,PBM0715250801,BLU,290,302,
C229,1,1432,PBM0715250801,BLU,373,385,
C229,1,1433,PBM0715250801,BLU,386,390,
C251,11,1434,PBM0715250801,BLU,261,274,
C113,3,1435,PBM0715250801,BLU,270,284,
C113,3,1436,PBM0715250801,BLU,347,361,
C251,11,1437,PBM0715250801,BLU,177,182,
C313,2,1438,PBM0715250801,BLU,308,316,
C313,2,1439,PBM0715250801,BLU,363,374,
C229,1,1440,PBM0715250801,BLU,380,398,
C283,12,1441,PBM0715250801,BLU,275,289,
A313,6,1442,PBM0715250801,GPR,266,,
A313,6,1443,PBM0715250801,BLU,285,293,
C293,7,1444,PBM0715250801,BLU,210,215,
C313,2,1445,PBM0715250802,BWN,371,,
C283,12,1446,PBM0715250803,GPR,300,,
C113,3,1447,PBM0715250803,GPR,273,,
C293,7,1448,PBM0715250803,GPR,285,,
C353,13,1449,PBM0715250803,GPR,278,,
C353,13,1450,PBM0715250803,GPR,271,,
C251,11,1451,PBM0715250803,GPR,280,,
C293,7,1452,PBM0715250803,TRE,324,,
C353,13,1453,PBM0715250803,GPR,312,,
C313,2,1454,PBM0715250803,BLU,335,349,
C353,13,1455,PBM0715250803,BLU,339,354,
C283,12,1456,PBM0715250803,BLU,355,376,
C283,12,1457,PBM0715250803,BLU,300,311,
C293,7,1458,PBM0715250803,GPR,299,,
C283,12,1459,PBM0715250803,GPR,240,,
C283,12,1460,PBM0715250803,GPR,279,,
C293,7,1461,PBM0715250803,GPR,284,,
C353,13,1462,PBM0715250803,BLU,308,322,
C353,13,1463,PBM0715250803,BLU,180,,
A313,6,1464,PBM0715250803,GPR,200,,
C251,11,1465,PBM0715250803,GPR,297,,
C293,7,1466,PBM0715250803,GPR,287,,
C283,12,1467,PBM0715250803,BLU,230,242,
C229,1,1468,PBM0715250803,BLU,325,338,
C283,12,1469,PBM0715250803,BLU,220,230,
C229,1,1470,PBM0715250803,VER,413,421,
C251,11,1471,PBM0715250803,BLU,225,236,
C283,12,1472,PBM0715250803,BLU,180,190,
C251,11,1473,PBM0715250803,BLU,268,283,
C293,7,1474,PBM0715250803,GPR,292,,
C283,12,1475,PBM0715250803,GPR,291,,
C313,2,1476,PBM0715250803,OLV,420,436,
C313,2,1477,PBM0715250803,BLU,288,303,
C251,11,1478,PBM0715250803,OLV,336,340,
C293,7,1479,PBM0715250803,GPR,294,,
C251,11,1480,PBM0715250803,BLU,151,159,
C353,13,1481,PBM0715250803,BLU,265,279,
C293,7,1482,PBM0715250803,BLU,343,360,
C283,12,1483,PBM0715250803,BLU,266,280,
A313,6,1484,PBM0715250803,BLU,338,355,
C113,3,1485,PBM0715250803,BLU,330,345,
C113,3,1486,PBM0715250803,BLU,371,385,
C113,3,1487,PBM0715250803,BLU,210,220,
C229,1,1488,PBM0715250803,GPR,291,,
C113,3,1489,PBM0715250803,OLV,370,381,
C313,2,1490,PBM0715250803,BLU,274,289,
C313,2,1491,PBM0715250803,BLU,355,373,
C229,1,1492,PBM0715250803,BLU,345,360,
C313,7,1493,PBM0715250701,GPR,286,,
C229,6,1494,PBM0715250701,KLP,316,,
C293,12,1495,PBM0715250701,VER,420,434,
C313,7,1496,PBM0715250701,GPR,261,,
A313,11,1497,PBM0715250701,GPR,285,,
C293,12,1498,PBM0715250701,KLP,335,,
C313,7,1499,PBM0715250701,KLP,315,,
C353,8,1500,PBM0715250701,GPR,278,,
A313,11,1501,PBM0715250701,KLP,309,,
C353,8,1502,PBM0715250701,BLU,330,341,
C293,12,1503,PBM0715250701,GPR,280,,
C229,6,1504,PBM0715250701,OLV,321,335,
C283,2,1505,PBM0715250701,OLV,395,413,
C293,12,1506,PBM0715250701,GPR,286,,
C113,3,1507,PBM0715250701,BLU,250,262,
C251,1,1508,PBM0715250701,BLU,155,161,
C293,12,1509,PBM0715250702,GPR,310,,
C283,2,1510,PBM0715250702,VER,405,415,
C293,12,1511,PBM0715250702,GPR,290,,
A313,11,1512,PBM0715250702,GPR,280,,
C313,7,1513,PBM0715250702,BLU,171,179,
C229,6,1514,PBM0715250702,TRE,335,,
C283,2,1515,PBM0715250702,GPR,273,,
C283,2,1516,PBM0715250702,KLP,325,,
A313,11,1517,PBM0715250702,GPR,294,,
C353,8,1518,PBM0715250702,GPR,266,,
C293,12,1519,PBM0715250702,GPR,283,,
A313,11,1520,PBM0715250702,GPR,284,,
C283,2,1521,PBM0715250702,KLP,335,,
C293,12,1522,PBM0715250702,BLU,300,312,
C283,2,1523,PBM0715250702,GPR,270,,
A313,11,1524,PBM0715250702,GPR,280,,
C229,6,1525,PBM0715250702,GPR,285,,
C251,1,1526,PBM0715250702,GPR,295,,
C113,3,1527,PBM0715250702,GPR,280,,
C293,12,1528,PBM0715250702,BLU,350,369,
C283,2,1529,PBM0715250702,BLU,315,327,
C283,2,1530,PBM0715250702,GPR,242,,
C283,2,1531,PBM0715250702,BLU,325,340,
C229,6,1532,PBM0715250702,GPR,244,,
A313,11,1533,PBM0715250702,GPR,266,,
C293,12,1534,PBM0715250702,BLU,259,270,
C283,2,1535,PBM0715250702,VER,420,438,
C293,12,1536,PBM0715250702,BLU,324,340,
A313,11,1537,PBM0715250702,KLP,324,,
C293,12,1538,PBM0715250702,BLU,285,300,
C113,3,1539,PBM0715250702,BLU,214,221,
C353,8,1540,PBM0715250703,BLU,242,250,
C293,12,1541,PBM0715250703,BLU,280,294,
C251,1,1542,PBM0715250703,BLU,308,320,
C251,1,1543,PBM0715250703,OLV,320,330,
C283,2,1544,PBM0715250703,GPR,250,,
C293,12,1545,PBM0715250703,VER,413,425,
C293,12,1546,PBM0715250703,GPR,280,,
C113,3,1547,PBM0715250703,OLV,305,313,
C313,7,1548,PBM0715250703,VER,400,417,
C283,2,1549,PBM0715250703,GPR,283,,
C251,1,1550,PBM0715250703,KLP,311,,
C251,1,1551,PBM0715250703,GPR,270,,
C313,7,1552,PBM0715250703,KLP,335,,
C313,7,1553,PBM0715250703,GPR,277,,
C251,1,1554,PBM0715250703,GPR,281,,
C283,2,1555,PBM0715250703,BLU,145,150,
C283,2,1556,PBM0715250703,BLU,205,211,
C113,3,1557,PBM0715250703,BLU,310,325,
C113,3,1558,PBM0715250703,BLU,275,290,
C293,12,1559,PBM0715250703,LCD,309,,
C313,7,1560,PBM0715250703,GPR,270,,
C251,1,1561,PBM0715250703,BLU,311,327,
C293,12,1562,PBM0715250703,BLU,151,157,
C313,7,1563,PBM0715250703,GPR,277,,
C293,12,1564,PBM0715250703,GPR,270,,
C313,7,1565,PBM0715250703,BLU,342,349,
C293,12,1566,PBM0715250703,GPR,306,,
A313,11,1567,PBM0715250703,GPR,282,,
C293,12,1568,PBM0715250703,GPR,258,,
C293,12,1569,PBM0715250703,GPR,296,,
C113,3,1570,PBM0715251101,GPR,303,,
C293,2,1571,PBM0715251101,BLU,340,350,
C113,3,1572,PBM0715251101,BLU,285,300,
C113,3,1573,PBM0715251101,BLU,285,297,
C293,2,1574,PBM0715251101,BLU,219,230,
C293,2,1575,PBM0715251101,BLU,227,239,
C113,3,1576,PBM0715251101,LCD,596,608,
C353,13,1577,PBM0715251102,GPR,326,,
C313,12,1578,PBM0715251102,GPR,318,,
C293,2,1579,PBM0715251102,PSD,204,,
A313,1,1580,PBM0715251102,BLU,343,359,
C353,13,1581,PBM0715251102,BLU,292,,
C293,2,1582,PBM0715251102,BLU,275,285,
A313,1,1583,PBM0715251102,BLU,268,282,
A313,1,1584,PBM0715251102,BLU,265,284,
C113,3,1585,PBM0715251102,BLU,269,279,
C113,3,1586,PBM0715251102,BLU,265,276,
C353,13,1587,PBM0715251102,GPR,305,,
C229,11,1588,PBM0715251102,LCD,564,569,
C113,3,1589,PBM0715251102,BLU,275,285,
C283,7,1590,PBM0715251102,BLU,263,272,
C229,11,1591,PBM0715251102,BLU,348,362,
A313,1,1592,PBM0715251102,BLU,340,,
A313,1,1593,PBM0715251102,BLU,342,359,
C353,13,1594,PBM0715251102,BLU,262,274,
C353,13,1595,PBM0715251102,BLU,285,295,
C113,3,1596,PBM0715251102,BLU,269,284,
C113,3,1597,PBM0715251102,BLU,232,244,
C353,13,1598,PBM0715251102,BLU,369,385,
A313,1,1599,PBM0715251102,BLU,375,390,
C353,13,1600,PBM0715251102,BLU,329,346,
C251,6,1601,PBM0715251102,BLU,228,236,
A313,1,1602,PBM0715251102,BLU,254,262,
C353,13,1603,PBM0715251102,BLU,313,329,
C229,11,1604,PBM0715251102,BLU,290,302,
C229,11,1605,PBM0715251102,BLU,275,285,
C313,12,1606,PBM0715251102,BLU,280,294,
C283,7,1607,PBM0715251102,BLU,300,310,
C251,6,1608,PBM0715251102,BLU,286,302,
C283,7,1609,PBM0715251102,BLU,280,289,
C251,6,1610,PBM0715251102,BLU,245,258,
C283,7,1611,PBM0715251102,BLU,248,260,
A313,1,1612,PBM0715251102,BLU,290,305,
C283,7,1613,PBM0715251102,BLU,235,247,
A313,1,1614,PBM0715251102,BLU,257,270,
C283,7,1615,PBM0715251102,BLU,305,316,
C283,7,1616,PBM0715251102,BLU,240,250,
C113,3,1617,PBM0715251102,BLU,275,285,
C113,3,1618,PBM0715251102,BLU,315,330,
C113,3,1619,PBM0715251102,BLU,220,230,
C113,3,1620,PBM0715251102,BLU,265,274,
C113,3,1621,PBM0715251102,BLU,316,327,
C113,3,1622,PBM0715251102,BLU,266,281,
A313,1,1623,PBM0715251103,GPR,311,,
C313,12,1624,PBM0715251103,BLU,362,374,
C283,7,1625,PBM0715251103,BLU,290,305,
C283,7,1626,PBM0715251103,BLU,241,255,
C353,13,1627,PBM0715251103,BLU,251,261,
C353,13,1628,PBM0715251103,BLU,300,311,
C229,11,1629,PBM0715251103,BLU,350,366,
C251,6,1630,PBM0715251103,BLU,308,323,
C283,7,1631,PBM0715251103,BLU,250,262,
C283,7,1632,PBM0715251103,BLU,300,314,
C229,11,1633,PBM0715251103,BLU,284,296,
A313,1,1634,PBM0715251103,BLU,279,292,
A313,1,1635,PBM0715251103,BLU,330,346,
A313,1,1636,PBM0715251103,BLU,279,292,
C113,3,1637,PBM0715251103,BLU,283,295,
C113,3,1638,PBM0715251103,BLU,350,372,
C293,11,1639,BLM0806251903,GPR,250,,
D255,12,1640,BLM0806251903,BLU,340,355,
A808,8,1641,BLM0806251903,OLV,330,340,
C312,7,1642,BLM0806251903,GPR,285,,
C293,11,1643,BLM0806251903,BLU,375,394,
C293,11,1644,BLM0806251903,GPR,250,,
C059,6,1645,BLM0806251903,GPR,249,,
A808,8,1646,BLM0806251903,OLV,342,353,
C293,11,1647,BLM0806251903,BLU,291,304,
A808,8,1648,BLM0806251903,BLU,287,296,
C293,11,1649,BLM0806251903,WHT,545,581,
C312,7,1650,BLM0806251903,CPR,421,,
A906,2,1652,BLM0806251903,BLU,355,372,
C343,13,1651,BLM0723251101,GPR,245,,
C251,7,1654,BLM0723251101,BLU,176,186,
A906,2,1653,BLM0806251903,OLV,436,450,
C113,3,1655,BLM0723251101,VER,460,479,
C293,11,1657,BLM0806251903,BLU,345,360,
C343,13,1656,BLM0723251101,GPR,216,,
C343,13,1659,BLM0723251101,GPR,244,,
C293,11,1658,BLM0806251903,BLU,377,390,
A906,2,1661,BLM0806251903,OLV,323,335,
C182,12,1660,BLM0723251101,GPR,257,,
A808,8,1662,BLM0806251903,BLU,360,380,
C338,2,1663,BLM0723251101,OLV,325,339,
A906,2,1664,BLM0806251903,BLU,340,357,
C338,2,1665,BLM0723251101,OLV,239,246,
D255,12,1666,BLM0806251903,OLV,394,402,
C182,12,1667,BLM0723251101,GPR,253,,
A906,2,1668,BLM0806251903,BLU,355,371,
C005,1,1669,BLM0723251101,GPR,265,,
C293,11,1670,BLM0806251903,BLU,285,296,
C343,13,1671,BLM0723251101,GPR,225,,
C293,11,1672,BLM0806251903,BLU,266,277,
C338,2,1673,BLM0723251101,CPR,305,,
A906,2,1674,BLM0806251903,BLU,234,246,
C343,13,1675,BLM0723251101,GPR,230,,
A906,2,1676,BLM0806251903,BLU,348,362,
C251,7,1677,BLM0723251101,YTL,224,229,
A808,8,1678,BLM0806251903,BLU,340,355,
C251,7,1679,BLM0723251101,BLU,192,201,
D255,12,1680,BLM0806251903,BLU,360,376,
C251,7,1681,BLM0723251101,BLU,186,194,
A906,2,1682,BLM0806251903,OLV,430,446,
C005,1,1683,BLM0723251101,CNY,220,234,
D255,12,1684,BLM0806251903,LCD,625,637,
A808,8,1686,BLM0806251903,BLU,350,370,
C343,13,1685,BLM0723251101,VER,441,458,
A808,8,1687,BLM0806251903,BLU,335,346,
C251,7,1688,BLM0723251101,OLV,310,320,
C182,12,1689,BLM0723251101,BLU,248,262,
C251,7,1690,BLM0723251101,BLU,148,155,
C113,3,1691,BLM0723251101,VER,431,451,
C251,7,1693,BLM0723251101,GPR,195,,
A906,2,1692,BLM0806251903,BLU,320,340,
C293,11,1695,BLM0806251903,BLU,380,391,
C182,12,1694,BLM0723251101,GPR,280,,
C312,7,1696,BLM0806251903,BLU,275,285,
C251,7,1697,BLM0723251101,BLU,190,195,
A808,8,1698,BLM0806251903,BLU,384,398,
C251,7,1699,BLM0723251101,BLU,221,234,
A808,8,1700,BLM0806251903,BLU,325,340,
A906,2,1702,BLM0806251903,BLU,361,375,
A015,11,1701,BLM0723251101,GPR,215,,
A906,2,1703,BLM0806251903,BLU,371,391,
C005,1,1704,BLM0723251101,VER,428,434,
C305,13,1705,BLM0806251903,BLU,338,352,
C338,2,1706,BLM0723251101,GPR,225,,
A808,8,1707,BLM0806251903,BLU,307,323,
C312,7,1708,BLM0806251903,BLU,370,384,
A906,2,1709,BLM0806251903,BLU,350,365,
C293,11,1710,BLM0806251903,VER,456,474,
C293,11,1711,BLM0806251903,OLV,365,375,
C182,12,1712,BLM0723251102,OLV,335,345,
C113,3,1713,BLM0723251102,GPR,235,,
C343,13,1714,BLM0723251102,BAY,223,,
C343,13,1715,BLM0723251102,VER,441,456,
C251,7,1716,BLM0723251102,OLV,330,341,
A015,11,1717,BLM0723251102,BLU,340,355,
C251,7,1718,BLM0723251102,GPR,205,,
C182,12,1719,BLM0723251102,GPR,244,,
A015,11,1720,BLM0723251102,BLU,329,342,
C251,7,1721,BLM0723251102,BLU,144,151,
C251,7,1722,BLM0723251102,OLV,220,225,
C182,12,1723,BLM0723251102,CPR,287,,
A015,11,1724,BLM0723251102,BLU,322,340,
A015,11,1726,BLM0723251102,GPR,264,,
A488,6,1727,BLM0723251102,OLV,256,266,
C059,12,1725,BLM0806252201,BLU,350,366,
C251,7,1728,BLM0723251102,BLU,239,246,
A808,8,1729,BLM0806252201,BLU,384,400,
C182,12,1730,BLM0723251102,GPR,236,,
C343,13,1731,BLM0723251102,GPR,239,,
A808,8,1732,BLM0806252201,BLU,285,296,
C005,1,1733,BLM0723251102,GPR,248,,
D255,2,1734,BLM0806252201,BLU,295,315,
A015,11,1735,BLM0723251102,GPR,259,,
C305,6,1736,BLM0806252201,BLU,290,305,
A015,11,1737,BLM0723251102,OLV,332,345,
C293,1,1738,BLM0806252201,GPR,229,,
A015,11,1739,BLM0723251102,GPR,221,,
C251,7,1740,BLM0723251102,BLU,225,237,
A015,11,1741,BLM0723251102,GPR,255,,
C353,8,1742,PBM0812251001,GPR,325,,
C016,12,1743,PBM0812251001,OLV,340,351,
C059,13,1744,PBM0812251001,VER,422,430,
C353,8,1745,PBM0812251001,GPR,270,,
C355,7,1746,PBM0812251001,OLV,324,336,
C182,1,1747,PBM0812251001,GPR,301,,
C059,13,1748,PBM0812251001,GPR,265,,
C182,1,1749,PBM0812251001,GPR,258,,
C353,8,1750,PBM0812251001,GPR,289,,
A015,2,1751,PBM0812251001,CNY,297,300,
C207,11,1752,PBM0812251001,OLV,266,275,
C350,9,1753,PBM0812251001,OLV,324,330,
C173,4,1754,PBM0812251001,GPR,275,,
C059,13,1755,PBM0812251001,OLV,265,275,
C316,14,1756,PBM0812251001,GPR,266,,
C355,7,1757,PBM0812251001,BLU,271,281,
C355,7,1758,PBM0812251001,BLU,270,286,
C354,6,1759,PBM0812251001,OLV,264,272,
C353,8,1760,PBM0812251001,BLU,198,209,
C207,11,1761,PBM0812251001,BLU,241,256,
C182,1,1762,PBM0812251001,VER,338,348,
C182,1,1763,PBM0812251001,CNY,316,322,
C344,3,1764,PBM0812251001,LCD,465,472,
C182,1,1765,PBM0812251001,OLV,266,278,
C173,4,1766,PBM0812251001,GPR,270,,
C207,11,1767,PBM0812251001,GPR,285,,
C016,12,1768,PBM0812251001,GPR,253,,
C350,9,1769,PBM0812251001,CNY,312,331,
A015,2,1770,PBM0812251001,OLV,249,260,
C353,8,1771,PBM0812251002,VER,419,424,
C207,11,1772,PBM0812251002,GPR,286,,
A015,2,1773,PBM0812251002,BLU,333,347,
C182,1,1774,PBM0812251002,BLU,260,275,
C207,11,1775,PBM0812251002,GPR,264,,
C354,6,1776,PBM0812251002,BLU,271,285,
C059,13,1777,PBM0812251002,GPR,265,,
C173,4,1778,PBM0812251002,BLU,382,398,
C355,7,1779,PBM0812251002,BLU,266,278,
C350,9,1780,PBM0812251002,OLV,305,310,
C353,8,1781,PBM0812251002,GPR,300,,
C355,7,1782,PBM0812251002,BLU,274,284,
C355,7,1783,PBM0812251002,BLU,338,345,
C316,14,1784,PBM0812251002,KLP,318,,
C354,6,1785,PBM0812251002,GPR,275,,
C350,9,1786,PBM0812251002,GPR,270,,
A015,2,1787,PBM0812251002,VER,476,495,
C344,3,1788,PBM0812251002,OLV,415,438,
C353,8,1789,PBM0812251002,BLU,306,321,
C059,13,1790,PBM0812251002,GPR,253,,
C182,1,1791,PBM0812251002,BLU,340,355,
C354,6,1792,PBM0812251002,BLU,215,228,
C182,1,1793,PBM0812251002,BLU,246,256,
A015,2,1794,PBM0812251002,VER,439,449,
C355,7,1795,PBM0812251002,BLU,280,295,
C355,7,1796,PBM0812251002,BLU,215,225,
C350,9,1797,PBM0812251002,OLV,399,411,
C059,13,1798,PBM0812251002,BLU,266,271,
C353,8,1799,PBM0812251002,BLU,300,319,
C207,11,1800,PBM0812251002,GPR,270,,
C207,11,1801,PBM0812251002,BLU,280,292,
C016,12,1802,PBM0812251002,BLU,275,288,
C354,6,1803,PBM0812251002,BLU,259,276,
C059,13,1804,PBM0812251002,BLU,277,290,
C016,12,1805,PBM0812251002,BLU,313,327,
C207,11,1806,PBM0812251002,BLU,249,254,
C016,12,1807,PBM0812251002,GPR,262,,
C207,11,1808,PBM0812251002,GPR,286,,
C182,1,1809,PBM0812251002,GPR,284,,
C353,8,1810,PBM0812251002,BLU,283,293,
C182,1,1811,PBM0812251002,GPR,311,,
C059,13,1812,PBM0812251002,CPR,388,,
C207,11,1813,PBM0812251002,OLV,327,335,
C316,14,1814,PBM0812251002,GPR,251,,
C182,1,1815,PBM0812251002,GPR,275,,
C354,6,1816,PBM0812251002,GPR,255,,
C207,11,1817,PBM0812251002,GPR,283,,
C344,3,1818,PBM0812251002,BLU,314,326,
C344,3,1819,PBM0812251002,BLU,305,319,
C059,13,1820,PBM0812251002,GPR,275,,
C059,13,1821,PBM0812251002,VER,451,469,
C182,1,1822,PBM0812251002,BLU,320,339,
C316,14,1823,PBM0812251002,BLU,393,406,
C173,4,1824,PBM0812251002,VER,441,457,
C355,7,1825,PBM0812251002,OLV,331,339,
C344,3,1826,PBM0812251002,BLU,250,264,
C173,4,1827,PBM0812251002,OLV,376,393,
A015,2,1828,PBM0812251002,KLP,336,340,
C344,3,1829,PBM0812251002,BLU,278,291,
C173,4,1830,PBM0812251002,BLU,323,340,
C173,4,1831,PBM0812251002,BLU,277,294,
C173,4,1832,PBM0812251002,BLU,198,208,
C173,4,1833,PBM0812251002,BLU,256,266,
C316,14,1834,PBM0812251003,VER,404,421,
C182,1,1835,PBM0812251003,BLU,360,376,
C059,13,1836,PBM0812251003,GPR,273,,
A015,2,1837,PBM0812251003,BLU,339,355,
A015,2,1838,PBM0812251003,BLU,318,332,
C016,12,1839,PBM0812251003,OLV,239,247,
C355,7,1840,PBM0812251003,OLV,280,291,
C353,8,1841,PBM0812251003,OLV,325,335,
C353,8,1842,PBM0812251003,GPR,290,,
A015,2,1843,PBM0812251003,GPR,300,,
C355,7,1844,PBM0812251003,OLV,365,380,
C182,1,1845,PBM0812251003,GPR,314,,
C316,14,1846,PBM0812251003,GPR,263,,
C316,14,1847,PBM0812251003,KLP,344,,
C059,13,1848,PBM0812251003,GPR,295,,
C354,6,1849,PBM0812251003,BLU,200,210,
C207,11,1850,PBM0812251003,TRE,330,,
C344,3,1851,PBM0812251003,BLU,226,235,
A015,2,1852,PBM0812251003,GPR,291,,
C207,11,1853,PBM0812251003,GPR,290,,
C350,9,1854,PBM0812251003,BLU,170,177,
C182,1,1855,PBM0812251003,BLU,291,301,
C353,8,1856,PBM0812251003,GPR,309,,
C353,8,1857,PBM0812251003,GPR,270,,
C354,6,1858,PBM0812251003,BLU,204,211,
C354,6,1859,PBM0812251003,BLU,340,355,
C354,6,1860,PBM0812251003,GPR,311,,
C016,12,1861,PBM0812251003,GPR,295,,
C355,7,1862,PBM0812251003,BLU,350,370,
C182,1,1863,PBM0812251003,GPR,328,,
C316,14,1864,PBM0812251003,VER,440,459,
C182,1,1865,PBM0812251003,GPR,336,,
C350,9,1866,PBM0812251003,TRE,327,,
C350,9,1867,PBM0812251003,BLU,260,270,
C353,8,1868,PBM0812251003,BLU,371,385,
C207,11,1869,PBM0812251003,GPR,285,,
C355,7,1870,PBM0812251003,BLU,340,359,
C353,8,1871,PBM0812251003,BLU,215,225,
C059,13,1872,PBM0812251003,GPR,295,,
C355,7,1873,PBM0812251003,BLU,199,207,
C059,13,1874,PBM0812251003,GPR,270,,
C353,8,1875,PBM0812251003,GPR,271,,
C016,12,1876,PBM0812251003,GPR,282,,
C353,8,1877,PBM0812251003,BLU,230,243,
C354,6,1878,PBM0812251003,BLU,320,335,
C354,6,1879,PBM0812251003,BLU,267,280,
C316,14,1880,PBM0812251003,GPR,295,,
C350,9,1881,PBM0812251003,GPR,275,,
A015,2,1882,PBM0812251003,GPR,318,,
A015,2,1883,PBM0812251003,GPR,315,,
A015,2,1884,PBM0812251003,BLU,275,289,
A015,2,1885,PBM0812251003,BLU,345,360,
C344,3,1886,PBM0812251003,BLU,291,301,
C344,3,1887,PBM0812251003,BLU,256,269,
C344,3,1888,PBM0812251003,BLU,355,370,
C344,3,1889,PBM0812251003,BLU,270,286,
C316,14,1890,PBM0812251003,BLU,257,267,
C173,4,1891,PBM0812251003,GPR,253,,
C173,4,1892,PBM0812251003,GPR,305,,
C173,4,1893,PBM0812251003,BLU,204,211,
A015,2,1894,PBM0812251003,BLU,245,258,
A015,2,1895,PBM0812251003,BLU,324,330,
C182,1,1896,PBM0812251003,BLU,277,288,
C350,9,1897,PBM0812250901,VER,419,430,
C059,13,1898,PBM0812250901,GPR,303,,
C344,3,1899,PBM0812250901,GPR,262,,
C182,11,1900,PBM0812250901,GPR,281,,
A015,12,1901,PBM0812250901,GPR,293,,
C355,7,1902,PBM0812250901,VER,343,354,
C059,13,1903,PBM0812250901,GPR,273,,
C207,1,1904,PBM0812250901,OLV,365,380,
C316,14,1905,PBM0812250901,KLP,343,,
C355,7,1906,PBM0812250901,OLV,304,314,
C316,14,1907,PBM0812250901,OLV,365,376,
C353,8,1908,PBM0812250901,KLP,316,,
C059,13,1909,PBM0812250901,GPR,275,,
C354,6,1910,PBM0812250901,GPR,260,,
C059,13,1911,PBM0812250901,GPR,275,,
A015,12,1912,PBM0812250901,KLP,235,,
C016,2,1913,PBM0812250901,BLU,229,239,
C173,4,1914,PBM0812250901,BLU,306,320,
C350,9,1915,PBM0812250901,BLU,303,315,
C354,6,1916,PBM0812250901,BLU,310,325,
C354,6,1917,PBM0812250901,BLU,274,285,
C355,7,1918,PBM0812250901,BLU,366,385,
C016,2,1919,PBM0812250901,OLV,315,320,
C016,2,1920,PBM0812250901,OLV,220,,
C344,3,1921,PBM0812250901,BLU,208,217,
C350,9,1922,PBM0812250901,BLU,241,261,
C182,11,1923,PBM0812250901,BLU,240,253,
C355,7,1924,PBM0812250901,BLU,274,287,
C354,6,1925,PBM0812250901,GPR,263,,
C173,4,1926,PBM0812250901,VER,475,483,
C316,14,1927,PBM0812250901,VER,421,432,
A015,12,1928,PBM0812250901,KLP,284,,
C355,7,1929,PBM0812250901,BLU,325,345,
C355,7,1930,PBM0812250901,BLU,258,271,
C350,9,1931,PBM0812250901,BLU,255,266,
C016,2,1932,PBM0812250901,BLU,270,283,
C316,14,1933,PBM0812250901,BLU,330,349,
C016,2,1934,PBM0812250901,BLU,313,329,
C353,8,1935,PBM0812250901,BLU,220,234,
C344,3,1936,PBM0812250901,BLU,334,345,
C207,1,1937,PBM0812250901,BLU,271,285,
C173,4,1938,PBM0812250901,BLU,225,236,
C173,4,1939,PBM0812250901,BLU,250,260,
C173,4,1940,PBM0812250901,BLU,263,275,
C173,4,1941,PBM0812250901,BLU,235,248,
C016,2,1942,PBM0812250902,BLU,240,248,
C059,13,1943,PBM0812250902,GPR,276,,
C350,9,1944,PBM0812250902,GPR,231,,
C059,13,1945,PBM0812250902,GPR,285,,
C173,4,1946,PBM0812250902,GPR,300,,
C173,4,1947,PBM0812250902,RSY,245,250,
C182,11,1948,PBM0812250902,CNY,330,350,
C350,9,1949,PBM0812250902,GPR,260,,
C182,11,1950,PBM0812250902,GPR,295,,
C059,13,1951,PBM0812250902,VER,430,438,
A015,12,1952,PBM0812250902,GPR,272,,
A015,12,1953,PBM0812250902,GPR,300,,
C182,11,1954,PBM0812250902,OLV,274,284,
C316,14,1955,PBM0812250902,KLP,339,,
C354,6,1956,PBM0812250903,VER,412,425,
C354,6,1957,PBM0812250903,GPR,273,,
C173,4,1958,PBM0812250903,GPR,269,,
C182,11,1959,PBM0812250903,OLV,230,239,
A015,12,1960,PBM0812250903,OLV,356,369,
C350,9,1961,PBM0812250903,OLV,355,370,
C059,13,1962,PBM0812250903,GPR,288,,
C182,11,1963,PBM0812250903,GPR,268,,
C016,2,1964,PBM0812250903,OLV,304,315,
A015,12,1965,PBM0812250903,GPR,264,,
C173,4,1966,PBM0812250903,GPR,278,,
A015,12,1967,PBM0812250903,BLU,205,215,
C350,9,1968,PBM0812250903,GPR,295,,
C344,3,1969,PBM0812250903,GPR,308,,
C016,2,1970,PBM0812250903,VER,424,440,
C173,4,1971,PBM0812250301,GPR,290,,
C059,1,1972,PBM0812250301,GPR,270,,
C182,6,1973,PBM0812250301,GPR,264,,
C016,9,1974,PBM0812250301,GPR,289,,
C344,3,1975,PBM0812250301,YTL,315,322,
C355,12,1976,PBM0812250301,VER,484,501,
A015,7,1977,PBM0812250301,GPR,285,,
C016,9,1978,PBM0812250301,GPR,275,,
C059,1,1979,PBM0812250301,GPR,250,,
C182,6,1980,PBM0812250301,BLU,162,170,
C173,4,1981,PBM0812250301,GPR,285,,
C354,11,1982,PBM0812250301,GPR,289,,
C353,13,1983,PBM0812250301,GPR,290,,
C182,6,1984,PBM0812250301,GPR,280,,
C182,6,1985,PBM0812250301,GPR,245,,
C355,12,1986,PBM0812250301,OLV,295,306,
C355,12,1987,PBM0812250301,OLV,340,355,
C059,1,1988,PBM0812250301,LCD,590,600,
A015,7,1989,PBM0812250301,OLV,247,252,
C344,3,1990,PBM0812250301,VER,473,485,
C173,4,1991,PBM0812250301,GPR,270,,
C350,14,1992,PBM0812250301,GPR,281,,
C059,1,1993,PBM0812250301,GPR,273,,
C207,8,1994,PBM0812250301,GPR,285,,
C353,13,1995,PBM0812250301,GPR,295,,
C353,13,1996,PBM0812250301,GPR,275,,
C182,6,1997,PBM0812250301,GPR,303,,
C173,4,1998,PBM0812250301,BLU,303,317,
C316,2,1999,PBM0812250301,OLV,330,342,
C016,9,2000,PBM0812250301,GPR,282,,
C355,12,2001,PBM0812250301,BLU,254,266,
C344,3,2002,PBM0812250301,VER,470,482,
C207,8,2003,PBM0812250301,VER,500,515,
C316,2,2004,PBM0812250301,BLU,275,293,
C173,4,2005,PBM0812250301,GPR,258,,
C182,6,2006,PBM0812250302,GPR,271,,
C353,13,2007,PBM0812250302,GPR,300,,
C350,14,2008,PBM0812250302,GPR,260,,
C182,6,2009,PBM0812250302,GPR,296,,
C016,9,2010,PBM0812250302,GPR,275,,
C353,13,2011,PBM0812250302,GPR,294,,
C173,4,2012,PBM0812250302,VER,496,512,
A015,7,2013,PBM0812250302,OLV,315,321,
C355,12,2014,PBM0812250302,BLU,213,224,
C207,8,2015,PBM0812250302,BLU,195,206,
C207,8,2016,PBM0812250302,BLU,308,320,
C344,3,2017,PBM0812250302,BLU,229,243,
C182,6,2018,PBM0812250302,BLU,154,160,
A015,7,2019,PBM0812250302,GPR,301,,
C350,14,2020,PBM0812250302,OLV,365,374,
C182,6,2021,PBM0812250302,GPR,257,,
C355,12,2022,PBM0812250302,BLU,382,399,
A015,7,2023,PBM0812250302,GPR,298,,
A015,7,2024,PBM0812250302,GPR,286,,
C182,6,2025,PBM0812250302,YTL,304,311,
C059,1,2026,PBM0812250303,GPR,276,,
C182,6,2027,PBM0812250303,GPR,295,,
C059,1,2028,PBM0812250303,GPR,253,,
C059,1,2029,PBM0812250303,GPR,265,,
C182,6,2030,PBM0812250303,GPR,271,,
C355,12,2031,PBM0812250303,BLU,169,176,
A015,7,2032,PBM0812250303,BLU,154,160,
C059,1,2033,PBM0812250303,GPR,246,,
C173,4,2034,PBM0812250303,GPR,285,,
C350,14,2035,PBM0812250303,GPR,256,,
C355,12,2036,PBM0812250303,BLU,268,283,
C059,1,2037,PBM0812250303,OLV,345,355,
A015,7,2038,PBM0812250303,OLV,310,320,
C059,1,2039,PBM0812250303,GPR,279,,
A015,7,2040,PBM0812250303,BLU,149,156,
C353,13,2041,PBM0812250303,BLU,300,313,
C182,6,2042,PBM0812250303,BLU,260,275,
C059,1,2043,PBM0812250303,GPR,270,,
C207,8,2044,PBM0812250303,OLV,265,274,
C354,11,2045,PBM0812250303,GPR,293,,
C353,13,2046,PBM0812250303,VER,440,457,
C059,1,2047,PBM0812250303,GPR,305,,
C059,1,2048,PBM0812250303,GPR,285,,
C173,4,2049,PBM0812250303,BLU,198,205,
A015,7,2050,PBM0812250303,GPR,285,,
C173,4,2051,PBM0812250303,OLV,404,414,
C316,2,2052,PBM0812250303,OLV,319,325,
C316,2,2053,PBM0812250303,BLU,210,222,
C059,1,2054,PBM0812250303,GPR,206,,
C353,13,2055,PBM0812250101,GPR,255,,
C355,12,2056,PBM0812250101,GPR,253,,
C355,12,2057,PBM0812250101,GPR,289,,
C182,1,2058,PBM0812250101,GPR,237,,
C350,14,2059,PBM0812250101,GPR,291,,
C059,6,2060,PBM0812250101,GPR,304,,
A015,2,2061,PBM0812250101,GPR,252,,
C173,4,2062,PBM0812250101,GPR,250,,
C207,8,2063,PBM0812250101,GPR,290,,
C354,11,2065,PBM0812250101,GPR,291,,
C316,7,2066,PBM0812250101,GPR,283,,
C316,7,2067,PBM0812250101,GPR,275,,
C016,9,2068,PBM0812250101,BLU,215,224,
C182,1,2069,PBM0812250101,GPR,284,,
C059,6,2070,PBM0812250101,GPR,280,,
C353,13,2071,PBM0812250101,BLU,232,242,
C182,1,2072,PBM0812250101,GPR,276,,
C173,4,2073,PBM0812250101,CHN,323,,
C354,11,2074,PBM0812250101,GPR,280,,
C059,6,2075,PBM0812250101,GPR,265,,
C059,6,2076,PBM0812250101,GPR,292,,
C354,11,2077,PBM0812250101,GPR,311,,
C059,6,2078,PBM0812250101,GPR,331,,
C173,4,2079,PBM0812250101,GPR,300,,
C350,14,2080,PBM0812250101,VER,312,317,
C354,11,2081,PBM0812250101,VER,422,435,
C016,9,2082,PBM0812250102,GPR,275,,
C182,1,2083,PBM0812250102,VER,451,459,
C344,3,2084,PBM0812250102,GPR,284,,
C016,9,2085,PBM0812250102,GPR,313,,
C350,14,2086,PBM0812250102,GPR,274,,
C182,1,2087,PBM0812250102,GPR,278,,
C350,14,2088,PBM0812250102,GPR,256,,
C016,9,2089,PBM0812250102,GPR,276,,
C182,1,2090,PBM0812250102,GPR,261,,
A015,2,2091,PBM0812250102,GPR,278,,
C173,4,2092,PBM0812250102,DEA,260,271,
A015,2,2093,PBM0812250102,GPR,243,,
C059,6,2094,PBM0812250102,CNY,234,247,
C353,13,2095,PBM0812250102,GPR,299,,
C173,4,2096,PBM0812250102,GPR,293,,
C016,9,2097,PBM0812250102,GPR,271,,
C059,6,2098,PBM0812250102,GPR,322,,
C173,4,2099,PBM0812250102,GPR,305,,
A015,2,2100,PBM0812250102,BLU,362,378,
C016,9,2101,PBM0812250102,BLU,269,280,
C344,3,2102,PBM0812250102,BLU,231,245,
C059,6,2103,PBM0812250102,GPR,280,,
C344,3,2104,PBM0812250102,BLU,275,289,
A015,2,2105,PBM0812250102,GPR,299,,
A015,2,2106,PBM0812250102,GPR,296,,
C344,3,2107,PBM0812250102,BLU,196,207,
C016,9,2108,PBM0812250103,GPR,253,,
C207,8,2109,PBM0812250103,BLU,310,327,
A015,2,2110,PBM0812250103,GPR,274,,
C059,6,2111,PBM0812250103,GPR,246,,
C353,13,2112,PBM0812250103,GPR,266,,
A015,2,2113,PBM0812250103,GPR,264,,
C354,11,2114,PBM0812250103,GPR,300,,
C355,12,2115,PBM0812250103,YTL,260,269,
A015,2,2116,PBM0812250103,GPR,287,,
C316,7,2117,PBM0812250103,GPR,218,,
C059,6,2118,PBM0812250103,GPR,246,,
C353,13,2119,PBM0812250103,GPR,245,,
C173,4,2120,PBM0812250103,GPR,271,,
C173,4,2121,PBM0812250103,GPR,247,,
C354,11,2122,PBM0812250103,GPR,276,,
C353,13,2123,PBM0812250103,VER,268,275,
C059,6,2124,PBM0812250103,GPR,281,,
C350,14,2125,PBM0812250103,GPR,269,,
A015,2,2126,PBM0812250103,GPR,291,,
A015,2,2127,PBM0812250103,GPR,294,,
A015,2,2128,PBM0812250103,GPR,255,,
C182,1,2129,PBM0812250103,BLU,220,230,
C353,13,2130,PBM0812250103,GPR,254,,
C207,8,2131,PBM0812250103,BLU,242,248,
C355,12,2132,PBM0812250103,OLV,327,338,
C355,12,2133,PBM0812250103,BLU,246,260,
C312,3,2134,BLR0805253601,KLP,325,,
C059,2,2135,BLR0805253601,KLP,280,,
C334,6,2136,BLR0805253601,LCD,575,580,
C293,11,2137,BLR0805253601,OLV,446,452,
C312,3,2138,BLR0805253601,GPR,249,,
C229,12,2139,BLR0805253601,BLU,325,341,
C271,4,2140,BLR0805253602,KLP,312,,
C316,7,2141,BLR0805253602,OLV,447,462,
C271,4,2142,BLR0805253602,GPR,270,,
A005,1,2143,BLR0805253602,KLP,285,,
A324,8,2144,BLR0805253602,BLU,317,331,
C316,7,2145,BLR0805253602,KLP,286,,
C229,12,2146,BLR0805253602,BLU,260,276,
A005,1,2147,BLR0805253602,CBZ,394,,
C059,2,2148,BLR0805253603,BLU,241,250,
D255,13,2149,BLR0805253603,GPR,266,,
C312,3,2150,BLR0805253603,KLP,311,,
C293,11,2151,BLR0805253603,KLP,349,,
A324,8,2152,BLR0805253603,GPR,262,,
C312,3,2153,BLR0805253603,KLP,341,,
C293,11,2154,BLR0805253603,KLP,331,,
C271,4,2155,BLR0805253603,KLP,341,,
D255,13,2156,BLR0805253603,BLU,324,338,
C293,11,2157,BLR0805253603,GPR,265,,
C059,2,2158,BLR0805253603,LCD,536,541,
D255,3,2159,BLR0805253701,GPR,275,,
A324,13,2160,BLR0805253701,GPR,282,,
C312,8,2161,BLR0805253701,OLV,388,403,
C229,2,2162,BLR0805253701,KLP,245,,
D255,3,2163,BLR0805253701,GPR,229,,
C316,12,2164,BLR0805253701,GPR,273,,
C229,2,2165,BLR0805253701,BLU,310,330,
C229,2,2166,BLR0805253701,OLV,244,252,
C293,1,2167,BLR0805253702,GPR,259,,
C293,1,2168,BLR0805253702,KLP,342,,
A005,6,2169,BLR0805253702,BLU,258,272,
D255,3,2170,BLR0805253703,GPR,252,,
C229,2,2171,BLR0805253703,GPR,292,,
C312,8,2172,BLR0805253703,GPR,261,,
C229,2,2173,BLR0805253703,LCD,523,,
C293,1,2174,BLR0805253703,BLU,395,410,
A005,6,2175,BLR0805253703,BLA,291,300,
D255,3,2176,BLR0805253703,VER,496,510,
C293,1,2177,BLR0805253703,LCD,595,609,
C229,2,2178,BLR0805253703,BLU,325,336,
D255,3,2179,BLR0805253703,BLU,334,350,
A324,13,2180,BLR0805253703,GPR,220,,
C271,4,2181,BLR0805253703,VER,422,436,
C293,1,2182,BLR0805253703,LCD,519,523,
C293,1,2183,BLR0805253703,VER,398,405,
D255,8,2184,BLR0805255301,VER,350,362,
C229,7,2185,BLR0805255301,KLP,323,,
C229,7,2186,BLR0805255301,KLP,251,,
C293,6,2187,BLR0805255301,GPR,280,,
C229,7,2188,BLR0805255301,KLP,320,,
C312,13,2189,BLR0805255301,GPR,300,,
C229,7,2190,BLR0805255301,GPR,296,,
D255,8,2191,BLR0805255302,GPR,306,,
C229,7,2192,BLR0805255302,GPR,279,,
C312,13,2193,BLR0805255302,GPR,258,,
C059,12,2194,BLR0805255302,KLP,340,,
C229,7,2195,BLR0805255302,GPR,262,,
D255,8,2196,BLR0805255302,VER,382,390,
A324,3,2197,BLR0805255302,BLU,359,377,
D255,8,2198,BLR0805255302,KLP,306,,
C334,1,2199,BLR0805255302,BLU,330,345,
C229,7,2200,BLR0805255302,GPR,215,,
C059,12,2201,BLR0805255302,BLU,231,241,
D255,8,2202,BLR0805255302,GPR,280,,
C059,12,2203,BLR0805255302,KLP,334,,
C312,13,2204,BLR0805255302,OLV,353,,
C334,1,2205,BLR0805255302,GPR,277,,
A005,11,2206,BLR0805255302,BLU,249,260,
A005,11,2207,BLR0805255302,BLU,280,293,
D255,8,2208,BLR0805255302,OLV,356,365,
D255,8,2209,BLR0805255303,OLV,315,324,
C059,12,2210,BLR0805255303,BLU,300,315,
C312,13,2211,BLR0805255303,GPR,269,,
C293,6,2212,BLR0805255303,BLU,364,379,
C293,6,2213,BLR0805255303,OLV,244,251,
C334,1,2214,BLR0805255303,BLU,204,214,
C059,12,2215,BLR0805255303,GPR,290,,
D255,8,2216,BLR0805255303,GPR,262,,
C312,13,2217,BLR0805255303,GPR,218,,
C059,12,2218,BLR0805255303,BLU,330,347,
A005,11,2219,BLR0805255303,BLU,330,346,
A005,11,2220,BLR0805255303,BLU,303,316,
A324,3,2221,BLR0805255303,BLU,360,375,
C271,4,2222,BLR0805255303,GPR,225,,
C229,7,2223,BLR0805255303,BLU,350,365,
C316,2,2224,BLR0805255303,GPR,265,,
C312,13,2225,BLR0805255303,GPR,258,,
C334,1,2226,BLR0805255303,BLU,254,266,
C334,1,2227,BLR0805255303,BLU,325,339,
C271,4,2228,BLR0805255303,BLU,348,362,
A005,11,2229,BLR0805255303,BLU,300,318,
C271,4,2230,BLR0805255303,BLU,367,385,
C334,1,2231,BLR0805255303,BLU,357,375,
C316,2,2232,BLR0805255303,GPR,241,,
C312,13,2233,BLR0805255303,GPR,270,,
D255,8,2234,BLR0805255303,GPR,230,,
C229,7,2235,BLR0805255303,GPR,262,,
C059,12,2236,BLR0805255303,GPR,244,,
C312,13,2237,BLR0805255303,GPR,222,,
A324,3,2238,BLR0805255303,VER,462,483,
C059,12,2239,BLR0805255303,GPR,281,,
C271,4,2240,BLR0805255303,GPR,284,,
A324,3,2241,BLR0805255303,BLU,312,325,
C316,2,2242,BLR0805255303,GPR,259,,
D255,11,2243,BLR0805255401,GPR,241,,
C059,2,2244,BLR0805255401,GPR,284,,
C293,3,2245,BLR0805255401,BLU,318,325,
C334,6,2246,BLR0805255401,BLU,240,246,
A005,1,2247,BLR0805255401,GPR,270,,
C229,12,2248,BLR0805255401,GPR,232,,
C316,7,2249,BLR0805255401,GPR,266,,
C334,6,2250,BLR0805255401,BLU,345,367,
C316,7,2251,BLR0805255401,BLU,293,306,
C271,4,2252,BLR0805255401,BLU,297,310,
D255,11,2253,BLR0805255401,GPR,267,,
C229,12,2254,BLR0805255401,GPR,281,,
C316,7,2255,BLR0805255401,GPR,231,,
D255,11,2256,BLR0805255401,GPR,262,,
D255,11,2257,BLR0805255401,GPR,259,,
A005,1,2258,BLR0805255401,BLU,286,302,
C229,12,2259,BLR0805255401,TRE,315,,
C316,7,2260,BLR0805255401,GPR,296,,
C312,13,2261,BLR0805255401,GPR,276,,
C059,2,2262,BLR0805255401,TRE,325,,
D255,11,2263,BLR0805255401,GPR,220,,
A324,8,2264,BLR0805255401,GPR,291,,
C334,6,2265,BLR0805255401,GPR,250,,
A005,1,2266,BLR0805255401,BLU,350,369,
C271,4,2267,BLR0805255401,BLU,240,253,
C271,4,2268,BLR0805255401,BLU,286,299,
D255,11,2269,BLR0805255402,GPR,250,,
C312,13,2270,BLR0805255402,VER,360,369,
C229,12,2271,BLR0805255402,GPR,236,,
C229,12,2272,BLR0805255402,BLU,285,300,
C316,7,2273,BLR0805255402,BLU,301,315,
C293,3,2274,BLR0805255402,GPR,253,,
C059,2,2275,BLR0805255402,BLU,306,316,
C229,12,2276,BLR0805255402,BLU,338,350,
C293,3,2277,BLR0805255402,BLU,344,361,
A324,8,2278,BLR0805255402,OLV,220,227,
C271,4,2279,BLR0805255402,LCD,571,581,
D255,11,2280,BLR0805255402,BLU,300,318,
C293,3,2281,BLR0805255402,GPR,268,,
C334,6,2282,BLR0805255402,BLU,292,309,
C059,2,2283,BLR0805255402,GPR,249,,
C312,13,2284,BLR0805255402,GPR,255,,
C316,7,2285,BLR0805255402,VER,371,380,
C271,4,2286,BLR0805255402,BLU,320,332,
A324,2,2335,BLM0708251202,BLU,317,326,
C173,12,2336,BLM0708251202,BLU,300,315,
C339,11,2337,BLM0708251202,OLV,236,243,
A324,2,2338,BLM0708251202,BLU,267,280,
C339,11,2339,BLM0708251202,BLU,164,171,
C340,7,2340,BLM0708251202,BLU,159,165,
S038,6,2341,BLM0708251202,BLU,195,200,
C340,7,2342,BLM0708251202,OLV,355,371,
S038,6,2343,BLM0708251202,OLV,283,289,
S038,6,2344,BLM0708251202,BLU,165,169,
C173,12,2345,BLM0708251202,BLU,269,279,
C243,13,2346,BLM0708251202,GPR,216,,
C182,3,2347,BLM0708251202,OLV,157,159,
C341,8,2348,BLM0708251202,BLU,187,193,
A324,2,2349,BLM0708251202,BLU,200,209,
C182,3,2350,BLM0708251202,BLU,151,159,
S255,1,2351,BLM0708251202,BLU,170,176,
S255,1,2352,BLM0708251202,GPR,231,,
C341,8,2353,BLM0708251202,OLV,365,376,
A324,2,2354,BLM0708251202,BLU,184,190,
C173,12,2355,BLM0708251202,BLU,258,271,
S255,1,2356,BLM0708251202,BLU,155,159,
S255,1,2357,BLM0708251202,VER,450,464,
C182,3,2358,BLM0708251202,BLU,168,170,
A324,2,2359,BLM0708251202,BLU,180,186,
C339,11,2360,BLM0708251202,GPR,246,,
C182,3,2361,BLM0708251202,LCD,497,,
A324,2,2362,BLM0708251202,OLV,239,242,
C340,7,2363,BLM0708251202,BLU,149,150,
S038,6,2364,BLM0708251203,CPR,470,,
C173,12,2365,BLM0708251203,GPR,221,,
S255,1,2366,BLM0708251203,VER,472,489,
C182,3,2367,BLM0708251203,BLU,173,177,
A324,2,2368,BLM0708251203,VER,452,460,
C243,13,2369,BLM0708251203,GPR,223,,
S255,1,2370,BLM0708251203,BLU,325,335,
C339,11,2371,BLM0708251203,GPR,246,,
C341,8,2372,BLM0708251203,VER,434,443,
S255,1,2373,BLM0708251203,OLV,323,329,
S255,1,2374,BLM0708251203,GPR,274,,
C243,13,2375,BLM0708251203,CPR,450,460,
C182,3,2376,BLM0708251203,GPR,267,,
C243,13,2377,BLM0708251203,GPR,291,,
C173,12,2378,BLM0708251203,VER,468,482,
C339,11,2379,BLM0708251203,VER,453,460,
C173,12,2380,BLM0708251203,GPR,275,,
C173,12,2381,BLM0708251203,GPR,258,,
C243,13,2382,BLM0708251203,GPR,283,,
C173,12,2383,BLM0708251203,LCD,480,487,
C339,11,2384,BLM0708251203,VER,463,470,
C173,2,2385,BLM0708251301,BLU,390,410,
S038,1,2386,BLM0708251301,BLU,368,384,
S038,1,2387,BLM0708251301,BLU,330,341,
C173,2,2388,BLM0708251301,BLU,340,360,
S038,1,2389,BLM0708251301,BLU,265,280,
C340,11,2390,BLM0708251301,VER,423,429,
C173,2,2391,BLM0708251301,BLU,225,232,
C182,3,2392,BLM0708251301,OLV,342,350,
S038,1,2393,BLM0708251301,OLV,348,355,
C173,2,2394,BLM0708251301,OLV,410,430,
S038,1,2395,BLM0708251301,BLU,330,336,
C173,2,2396,BLM0708251301,BLU,270,285,
S038,1,2397,BLM0708251301,OLV,337,345,
C341,12,2398,BLM0708251301,CPR,460,,
S038,1,2399,BLM0708251301,OLV,415,426,
C173,2,2400,BLM0708251301,BLU,335,346,
C173,2,2401,BLM0708251301,BLU,273,283,
S038,1,2402,BLM0708251301,OLV,332,341,
C243,8,2403,BLM0708251301,BLU,212,219,
C173,2,2404,BLM0708251301,BLU,245,254,
C243,8,2405,BLM0708251301,BLU,275,283,
C173,2,2406,BLM0708251301,BLU,200,209,
C339,6,2407,BLM0708251301,GPR,250,,
S038,1,2408,BLM0708251301,OLV,365,380,
C182,3,2409,BLM0708251301,BLU,260,270,
C334,6,2287,BLR0805255402,BLU,355,370,
A005,1,2288,BLR0805255402,BLU,145,152,
C334,6,2289,BLR0805255402,BLU,282,295,
C312,13,2290,BLR0805255402,GPR,253,,
D255,11,2291,BLR0805255402,GPR,249,,
C271,4,2292,BLR0805255402,BLU,292,305,
C312,13,2293,BLR0805255402,GPR,185,,
C059,2,2294,BLR0805255402,BLU,249,260,
C293,3,2295,BLR0805255402,BLU,299,312,
C271,4,2296,BLR0805255402,BLU,236,246,
C229,12,2297,BLR0805255402,GPR,265,,
D255,11,2298,BLR0805255402,GPR,244,,
C312,13,2299,BLR0805255402,GPR,259,,
C293,3,2300,BLR0805255402,BLU,321,334,
C059,2,2301,BLR0805255403,GPR,263,,
A324,8,2302,BLR0805255403,GPR,231,,
C271,4,2303,BLR0805255403,GPR,272,,
C059,2,2304,BLR0805255403,GPR,246,,
C316,7,2305,BLR0805255403,BLU,368,387,
C312,13,2306,BLR0805255403,BLU,330,345,
C312,13,2307,BLR0805255403,GPR,237,,
C293,3,2308,BLR0805255403,BLU,335,347,
A324,2,2309,BLM0708251201,VER,460,481,
C182,3,2310,BLM0708251201,GPR,276,,
S038,1,2410,BLM0708251301,BLU,240,253,
C182,3,2411,BLM0708251301,BLU,339,347,
C341,12,2412,BLM0708251301,BLU,349,364,
C340,11,2413,BLM0708251301,OLV,233,237,
C340,11,2414,BLM0708251301,BLU,284,293,
C173,2,2415,BLM0708251301,BLU,228,236,
S038,1,2416,BLM0708251301,OLV,390,405,
A324,7,2417,BLM0708251301,OLV,394,406,
C182,3,2418,BLM0708251301,GPR,250,,
A324,7,2419,BLM0708251301,CPR,479,489,
C173,2,2420,BLM0708251301,BLU,272,280,
C173,2,2421,BLM0708251301,BLU,187,190,
C173,2,2422,BLM0708251301,BLU,275,290,
C341,12,2423,BLM0708251301,OLV,353,359,
C243,8,2424,BLM0708251301,CPR,510,,
C173,2,2425,BLM0708251301,BLU,287,294,
C173,2,2426,BLM0708251301,BLU,221,229,
S255,13,2427,BLM0708251301,BLU,275,290,
C341,12,2428,BLM0708251301,OLV,395,401,
C341,12,2429,BLM0708251301,KLP,340,,
C340,11,2430,BLM0708251301,OLV,420,438,
C339,6,2431,BLM0708251302,BLU,350,365,
S255,13,2432,BLM0708251302,GPR,285,,
S038,1,2433,BLM0708251302,GPR,282,,
A324,7,2434,BLM0708251302,GPR,250,,
C340,11,2536,BLM0708251802,GPR,258,,
S038,3,2537,BLM0708251802,GPR,270,,
C182,7,2538,BLM0708251802,BLU,244,255,
C341,12,2539,BLM0708251802,BLU,244,255,
C340,11,2540,BLM0708251802,GPR,280,,
C341,12,2541,BLM0708251802,GPR,283,,
C182,7,2542,BLM0708251802,BLU,215,220,
C339,6,2543,BLM0708251802,BLU,338,351,
A324,13,2544,BLM0708251802,GPR,268,,
A324,13,2545,BLM0708251802,VER,190,195,
C182,7,2546,BLM0708251803,OLV,346,359,
C182,7,2547,BLM0708251803,BLU,319,331,
C182,7,2548,BLM0708251803,BLU,320,335,
C339,6,2549,BLM0708251803,BLU,340,348,
C182,7,2550,BLM0708251803,BLU,330,345,
C340,11,2551,BLM0708251803,VER,453,462,
C243,8,2552,BLM0708251803,BLU,344,360,
A324,13,2553,BLM0708251803,OLV,324,335,
C243,8,2554,BLM0708251803,GPR,285,,
C341,12,2555,BLM0708251803,BLU,265,279,
C341,12,2556,BLM0708251803,BLU,384,396,
C182,7,2557,BLM0708251803,BLU,315,330,
C339,6,2558,BLM0708251803,GPR,245,,
C339,6,2559,BLM0708251803,BLU,349,365,
A324,13,2560,BLM0708251803,BLU,360,371,
S038,3,2561,BLM0708251803,BLU,315,330,
S038,3,2562,BLM0708251803,GPR,310,,
A324,13,2563,BLM0708251803,BLU,376,390,
C341,12,2564,BLM0708251803,BLU,355,371,
C173,2,2565,BLM0708251803,KLP,310,,
S255,1,2566,BLM0708251803,BLU,333,351,
C341,12,2567,BLM0708251803,BLU,338,350,
C340,11,2568,BLM0708251803,BLU,339,355,
C182,7,2569,BLM0708251803,BLU,245,257,
C340,11,2570,BLM0708251803,BLU,330,345,
C182,7,2571,BLM0708251803,BLU,240,252,
S038,3,2572,BLM0708251803,BLU,353,368,
C182,7,2573,BLM0708251803,BLU,358,372,
C243,8,2574,BLM0708251803,BLU,279,293,
S038,3,2575,BLM0708251803,GPR,236,,
C243,8,2576,BLM0708251803,BLU,274,286,
C341,12,2577,BLM0708251803,CNY,334,349,
C173,2,2578,BLM0708251803,BLU,340,353,
S255,1,2579,BLM0708251803,CBZ,540,,
A324,13,2580,BLM0708251803,VER,445,460,
C182,7,2581,BLM0708251803,GPR,282,,
C341,12,2582,BLM0708251803,VER,445,463,
S038,3,2583,BLM0708251803,VER,373,381,
C243,8,2584,BLM0708251803,CPR,405,,
C173,2,2585,BLM0708251803,GPR,265,,
C173,2,2586,BLM0708251803,CPR,310,,
C340,11,2587,BLM0708251803,CNY,348,360,
C243,8,2588,BLM0708251803,BLU,334,345,
S038,3,2589,BLM0708251803,VER,410,425,
C173,2,2590,BLM0708251803,BLU,346,361,
S255,1,2591,BLM0708251803,VER,371,380,
S255,1,2592,BLM0708251803,BLU,236,245,
C340,11,2593,BLM0708251803,GPR,300,,
S038,1,2594,BLR0709254001,GPR,271,,
S038,1,2595,BLR0709254001,KLP,353,,
C182,2,2596,BLR0709254001,KLP,296,,
C321,12,2597,PBR0813252003,GPR,282,,
C243,13,2598,PBR0813252003,BLU,185,195,
C243,13,2599,PBR0813252003,BLU,200,209,
C059,1,2600,PBR0813252003,GPR,255,,
C255,11,2601,PBR0813252003,BLU,270,286,
C059,1,2602,PBR0813252003,GPR,272,,
C059,1,2603,PBR0813252003,BLA,337,345,
C243,13,2604,PBR0813252003,GPR,270,,
C207,7,2605,PBR0813252003,BLU,209,216,
C016,2,2606,PBR0813252003,BLU,158,,
C321,12,2607,PBR0813252003,GPR,248,,
A410,6,2608,PBR0813252003,GPR,266,,
A410,6,2609,PBR0813252003,BLA,321,329,
C321,12,2610,PBR0813252003,LCD,575,,
C321,12,2611,PBR0813252003,GPR,239,,
C173,4,2612,PBR0813252003,GPR,258,,
C255,11,2613,PBR0813252003,BLA,285,,
C344,3,2614,PBR0813252003,BLU,156,165,
C059,1,2615,PBR0813252003,BLU,226,,
C344,3,2616,PBR0813252003,BLU,263,,
A410,6,2617,PBR0813252003,OLV,320,329,
A410,6,2618,PBR0813252003,GPR,256,,
C207,7,2619,PBR0813252003,BLU,291,307,
C059,1,2620,PBR0813252003,KLP,290,,
A015,8,2621,PBR0813252003,BLU,302,317,
A410,6,2622,PBR0813252003,BLU,151,155,
C016,2,2623,PBR0813252003,LCD,647,655,
C016,2,2624,PBR0813252003,LCD,398,,
C255,8,2625,PBR0813251801,GPR,282,,
C243,13,2626,PBR0813251801,GPR,254,,
C016,12,2627,PBR0813251801,GPR,250,,
C016,12,2628,PBR0813251801,GPR,286,,
C059,11,2629,PBR0813251801,TRE,305,,
A015,2,2630,PBR0813251801,LCD,547,556,
C243,13,2631,PBR0813251801,GPR,268,,
A015,2,2632,PBR0813251801,BLA,300,306,
C059,11,2633,PBR0813251801,CBZ,475,,
C344,3,2634,PBR0813251801,LCD,646,662,
C173,4,2635,PBR0813251801,GPR,268,,
C173,4,2636,PBR0813251802,GPR,264,,
C173,4,2637,PBR0813251802,GPR,264,,
C173,4,2638,PBR0813251802,OLV,241,247,
A015,2,2639,PBR0813251802,OLV,305,313,
A015,2,2640,PBR0813251802,GPR,244,,
C059,11,2641,PBR0813251802,BLU,311,327,
C016,12,2642,PBR0813251802,BLU,258,270,
C174,4,2643,PBR0813251802,LCD,550,560,
C173,4,2644,PBR0813251802,BLU,171,180,
A015,2,2645,PBR0813251802,LCD,343,348,
A015,2,2646,PBR0813251803,LCD,554,563,
A410,6,2647,PBR0813251803,LCD,410,419,
C173,4,2648,PBR0813251803,GPR,265,,
A015,2,2649,PBR0813251803,BLU,231,236,
C173,4,2650,PBR0813251803,GPR,269,,
C207,1,2651,PBR0813251803,BLU,189,193,
C016,12,2652,PBR0813251803,GPR,282,,
C173,4,2653,PBR0813251803,GPR,275,,
C243,13,2654,PBR0813251803,GPR,260,,
C016,12,2655,PBR0813251803,GPR,274,,
A015,2,2656,PBR0813251803,GPR,240,,
A410,1,2657,PBR0813251301,BLU,284,294,
C059,6,2658,PBR0813251301,GPR,272,,
C016,12,2659,PBR0813251301,BLU,300,318,
C344,3,2684,PBR0813251302,GPR,226,,
A015,11,2685,PBR0813251302,GPR,269,,
C173,4,2686,PBR0813251302,LCD,345,357,
C243,13,2687,PBR0813251302,GPR,284,,
C344,3,2688,PBR0813251302,GPR,251,,
A015,11,2689,PBR0813251302,BLU,288,301,
C173,4,2690,PBR0813251303,GPR,296,,
C243,13,2691,PBR0813251303,GPR,316,,
C243,13,2692,PBR0813251303,GPR,294,,
A410,1,2693,PBR0813251303,VER,449,460,
C255,2,2694,PBR0813251303,LCD,560,575,
A410,1,2695,PBR0813251303,GPR,284,,
C016,12,2696,PBR0813251303,VER,450,469,
C243,13,2697,PBR0813251303,GPR,295,,
A015,11,2698,PBR0813251303,GPR,300,,
C243,13,2699,PBR0813251303,GPR,258,,
C059,6,2700,PBR0813251303,GPR,295,,
C173,4,2701,PBR0813251303,GPR,268,,
A410,1,2702,PBR0813251303,LCD,560,569,
C016,12,2703,PBR0813251303,GPR,293,,
C344,3,2704,PBR0813251303,GPR,255,,
C173,4,2705,PBR0813251303,GPR,259,,
C173,4,2706,PBR0813251303,GPR,264,,
C255,2,2707,PBR0813251303,OLV,323,330,
A324,2,2311,BLM0708251201,VER,459,470,
C182,3,2312,BLM0708251201,CPR,427,,
C182,3,2313,BLM0708251201,LCD,539,,
S255,1,2314,BLM0708251201,GPR,265,,
C182,3,2315,BLM0708251201,GPR,283,,
C243,13,2316,BLM0708251201,VER,325,330,
A324,2,2317,BLM0708251201,GPR,265,,
C173,12,2318,BLM0708251201,VER,454,460,
A324,2,2319,BLM0708251202,BLU,349,359,
S038,6,2320,BLM0708251202,BLU,187,193,
C339,11,2321,BLM0708251202,BLU,155,165,
S038,6,2322,BLM0708251202,BLU,243,252,
S038,6,2323,BLM0708251202,BLU,163,168,
C243,13,2324,BLM0708251202,GPR,227,,
S255,1,2325,BLM0708251202,OLV,230,235,
C340,7,2326,BLM0708251202,BLU,280,291,
C173,12,2327,BLM0708251202,BLU,317,325,
S038,6,2328,BLM0708251202,CPR,450,,
C173,12,2329,BLM0708251202,BLU,232,240,
C341,8,2330,BLM0708251202,BLU,218,225,
C243,13,2331,BLM0708251202,GPR,255,,
C173,12,2332,BLM0708251202,BLU,223,231,
C341,8,2333,BLM0708251202,LCD,566,,
S255,1,2334,BLM0708251202,LCD,573,,
C243,13,2660,PBR0813251301,GPR,280,,
C344,3,2661,PBR0813251301,VER,375,385,
C255,2,2662,PBR0813251301,LCD,543,558,
A410,1,2663,PBR0813251301,BLU,356,364,
C255,2,2664,PBR0813251301,CBZ,462,,
C016,12,2665,PBR0813251301,BLU,370,385,
C243,13,2666,PBR0813251301,BLU,294,303,
A015,11,2667,PBR0813251301,BLU,291,309,
C255,2,2668,PBR0813251301,BLU,363,378,
A410,1,2669,PBR0813251301,GPR,282,,
A015,11,2670,PBR0813251301,BLU,351,371,
A410,1,2671,PBR0813251301,GPR,300,,
C344,3,2672,PBR0813251301,GPR,298,,
C059,6,2673,PBR0813251301,TRE,304,,
C173,4,2674,PBR0813251301,GPR,260,,
C243,13,2675,PBR0813251302,OLV,367,379,
C173,4,2676,PBR0813251302,GPR,270,,
C059,6,2677,PBR0813251302,CAL,160,165,
C344,3,2678,PBR0813251302,GPR,268,,
C173,4,2679,PBR0813251302,CAL,166,168,
A410,1,2680,PBR0813251302,BLU,192,196,
C016,12,2681,PBR0813251302,GPR,273,,
C243,13,2682,PBR0813251302,GPR,297,,
C207,7,2683,PBR0813251302,BLU,276,289,
A015,8,2708,PBR0813251201,OLV,341,351,
C207,12,2709,PBR0813251201,BLU,254,266,
C321,2,2710,PBR0813251202,BLU,285,300,
C059,1,2711,PBR0813251202,CPR,323,,
C207,12,2712,PBR0813251202,BLU,321,335,
A420,11,2713,PBR0813251202,VER,365,371,
C173,4,2714,PBR0813251202,LCD,404,,
C243,13,2715,PBR0813251202,BLU,236,247,
C321,2,2716,PBR0813251202,OLV,226,234,
C059,1,2717,PBR0813251202,OLV,332,341,
C207,12,2718,PBR0813251202,BLU,300,316,
C059,1,2719,PBR0813251202,BLU,180,189,
C321,2,2720,PBR0813251202,BLA,326,335,
C321,2,2721,PBR0813251202,BLU,236,248,
C321,2,2722,PBR0813251202,GPR,261,,
A410,11,2723,PBR0813251202,BLA,355,363,
C243,13,2724,PBR0813251202,BLA,334,342,
C016,6,2725,PBR0813251202,GPR,283,,
C059,1,2726,PBR0813251203,GPR,265,,
C321,2,2727,PBR0813251203,GPR,309,,
C344,3,2728,PBR0813251203,CBZ,390,,
A410,11,2729,PBR0813251203,LCD,534,545,
A410,11,2730,PBR0813251203,VER,410,424,
C244,4,2757,PBM0730250901,GPR,291,,
C351,6,2758,PBM0730250901,BLU,267,276,
C235,13,2759,PBM0730250901,BLU,260,272,
C351,6,2760,PBM0730250901,GPR,234,,
C182,3,2761,PBM0730250901,OLV,303,313,
C352,7,2762,PBM0730250901,BLU,179,181,
C352,7,2763,PBM0730250901,BLU,222,225,
A165,1,2764,PBM0730250901,BWN,363,,
C015,11,2765,PBM0730250901,BLU,162,167,
A410,12,2766,PBM0730250901,BLU,220,230,
A410,12,2767,PBM0730250901,BLU,157,164,
C244,4,2768,PBM0730250901,OLV,309,315,
C235,13,2769,PBM0730250901,BLU,224,236,
C255,2,2770,PBM0730250902,BLU,240,253,
C244,4,2771,PBM0730250902,BLU,236,246,
C255,2,2772,PBM0730250902,BLU,310,322,
C182,3,2773,PBM0730250902,BLU,283,296,
C182,3,2774,PBM0730250902,BLU,250,266,
C244,4,2775,PBM0730250902,GPR,239,,
C182,3,2776,PBM0730250902,BLU,185,195,
A410,12,2777,PBM0730250902,GPR,266,,
C255,2,2778,PBM0730250902,GPR,287,,
C322,8,2779,PBM0730250902,BLU,260,266,
C235,13,2780,PBM0730250902,GPR,287,,
C235,13,2781,PBM0730250902,GPR,251,,
A410,12,2782,PBM0730250902,GPR,256,,
C322,8,2783,PBM0730250902,BLU,309,318,
C015,11,2784,PBM0730250902,BLU,226,239,
C015,11,2785,PBM0730250902,BLU,188,198,
A410,12,2786,PBM0730250902,OLV,306,316,
C235,13,2787,PBM0730250902,GPR,274,,
C322,8,2788,PBM0730250902,KLP,339,,
C182,3,2789,PBM0730250902,BLU,175,185,
C182,3,2790,PBM0730250902,BLU,275,284,
C244,4,2791,PBM0730250902,GPR,263,,
C352,7,2792,PBM0730250902,BLU,235,245,
C244,4,2793,PBM0730250902,BLU,251,264,
C352,7,2794,PBM0730250902,BLU,165,174,
C322,8,2795,PBM0730250902,BLU,245,254,
C351,6,2796,PBM0730250902,BLU,173,175,
C352,7,2797,PBM0730250902,BLU,154,159,
C182,3,2798,PBM0730250902,BLU,250,262,
C322,8,2799,PBM0730250902,BLU,270,274,
C255,2,2800,PBM0730250902,BLU,194,203,
C235,13,2801,PBM0730250902,VER,424,435,
A410,12,2802,PBM0730250902,OLV,302,312,
C182,3,2803,PBM0730250902,LCD,564,,
C255,2,2804,PBM0730250902,GPR,285,,
A165,1,2805,PBM0730250902,OLV,213,215,
C322,8,2806,PBM0730250902,BLU,179,185,
A410,12,2807,PBM0730250902,OLV,355,370,
C352,7,2808,PBM0730250902,BLU,166,175,
C351,6,2809,PBM0730250902,GPR,241,,
C352,7,2810,PBM0730250902,BLU,150,159,
C244,4,2811,PBM0730250902,BLU,244,254,
A410,12,2812,PBM0730250902,GPR,269,,
C244,4,2813,PBM0730250902,BLU,155,160,
C255,2,2814,PBM0730250902,GPR,276,,
C352,7,2815,PBM0730250902,OLV,333,344,
C322,8,2816,PBM0730250902,VER,434,443,
C322,8,2817,PBM0730250902,BLU,284,287,
C244,4,2818,PBM0730250902,VER,475,488,
A410,12,2819,PBM0730250902,CPR,409,,
C182,3,2820,PBM0730250902,VER,400,402,
C244,4,2821,PBM0730250902,GPR,290,,
C352,7,2822,PBM0730250903,BLU,322,329,
C235,13,2823,PBM0730250903,GPR,272,,
C352,7,2824,PBM0730250903,OLV,330,339,
A410,12,2825,PBM0730250903,GPR,283,,
C182,3,2826,PBM0730250903,GPR,265,,
C015,11,2827,PBM0730250903,GPR,276,,
C235,13,2828,PBM0730250903,GPR,212,,
C322,8,2829,PBM0730250903,BLU,207,211,
C322,8,2830,PBM0730250903,BLU,256,264,
C351,6,2831,PBM0730250903,BLU,310,326,
C351,6,2832,PBM0730250903,GPR,273,,
C322,8,2833,PBM0730250903,BLU,320,333,
C244,4,2834,PBM0730250903,VER,540,567,
C244,4,2835,PBM0730250903,VER,453,465,
A165,1,2836,PBM0730250903,GPR,245,,
A410,12,2837,PBM0730250903,BLU,250,262,
C255,2,2838,PBM0730250903,OLV,404,414,
C352,7,2839,PBM0730250903,GPR,281,,
C015,11,2840,PBM0730250903,GPR,230,,
A410,12,2841,PBM0730250903,BLU,210,220,
C352,7,2842,PBM0730250903,BLU,165,166,
C235,13,2843,PBM0730250903,GPR,296,,
C244,4,2844,PBM0730250903,BLU,184,192,
C351,6,2845,PBM0730250903,BLU,243,254,
A410,12,2846,PBM0730250903,BWN,365,,
C322,8,2847,PBM0730250903,BLU,173,176,
C255,2,2848,PBM0730250903,CPR,423,,
A165,1,2849,PBM0730250903,GPR,231,,
C255,2,2850,PBM0730250903,BLU,205,213,
C352,7,2851,PBM0730250903,BLU,176,179,
C015,11,2852,PBM0730250903,GPR,270,,
C322,8,2853,PBM0730250903,OLV,325,332,
C182,3,2854,PBM0730250903,GPR,290,,
C322,8,2855,PBM0730250903,GPR,284,,
A165,1,2856,PBM0730250903,OLV,261,265,
C352,7,2857,PBM0730250903,RSY,190,,
C352,7,2858,PBM0730250903,BLU,160,169,
C255,2,2859,PBM0730250903,LCD,571,576,
C322,8,2860,PBM0730250903,BLU,210,219,
C015,11,2861,PBM0730250903,GPR,270,,
C244,4,2862,PBM0730250903,GPR,281,,
C244,4,2863,PBM0730250903,GPR,283,,
A410,12,2864,PBM0730250903,BWN,394,,
C182,3,2865,PBM0730250903,OYT,164,167,
C352,7,2866,PBM0730250903,BLU,172,181,
C182,3,2867,PBM0730250903,GPR,264,,
C015,11,2868,PBM0730250903,GPR,275,,
C255,2,2869,PBM0730250903,VER,447,454,
C255,2,2870,PBM0730250903,GPR,274,,
A165,1,2871,PBM0730250903,GPR,286,,
C235,13,2872,PBM0730250903,BLU,244,255,
C244,4,2873,PBM0730250903,GPR,290,,
A165,1,2874,PBM0730250903,GPR,269,,
C182,13,2875,PBM0730250601,GPR,294,,
C351,6,2876,PBM0730250601,GPR,251,,
A165,11,2877,PBM0730250601,GPR,275,,
C244,3,2878,PBM0730250601,GPR,276,,
C244,4,2879,PBM0730250601,GPR,234,,
C352,3,2880,PBM0730250601,TRE,314,,
C182,13,2881,PBM0730250601,TRE,330,,
A165,11,2882,PBM0730250601,GPR,301,,
C015,1,2883,PBM0730250601,GPR,262,,
A410,2,2884,PBM0730250601,BLU,259,274,
C351,6,2885,PBM0730250601,GPR,308,,
C182,13,2886,PBM0730250601,GPR,297,,
A165,11,2887,PBM0730250601,GPR,281,,
C244,4,2888,PBM0730250601,GPR,288,,
A410,2,2889,PBM0730250601,GPR,280,,
C182,13,2890,PBM0730250601,GPR,309,,
C352,3,2891,PBM0730250601,GPR,292,,
C015,1,2892,PBM0730250601,VER,439,454,
C244,4,2893,PBM0730250601,GPR,301,,
C351,6,2894,PBM0730250601,GPR,255,,
C015,1,2895,PBM0730250601,GPR,270,,
A165,11,2896,PBM0730250601,GPR,319,,
C322,8,2897,PBM0730250601,BLU,283,294,
C015,1,2898,PBM0730250601,BLU,256,270,
C015,1,2899,PBM0730250601,BLU,344,360,
C182,13,2900,PBM0730250602,OLV,323,332,
C244,4,2901,PBM0730250602,GPR,230,,
C322,8,2902,PBM0730250602,OLV,260,269,
A410,2,2903,PBM0730250602,YTL,115,119,
C015,1,2904,PBM0730250602,GPR,270,,
C182,13,2905,PBM0730250602,GPR,232,,
A410,2,2906,PBM0730250602,GPR,269,,
C182,13,2907,PBM0730250603,GPR,254,,
C235,7,2908,PBM0730250603,GPR,275,,
A410,2,2909,PBM0730250603,BLU,221,234,
A410,2,2910,PBM0730250603,BLU,290,304,
C244,4,2911,PBM0730250603,CPR,442,,
A165,11,2912,PBM0730250603,GPR,286,,
C244,4,2913,PBM0730250603,VER,446,454,
C182,13,2914,PBM0730250603,GPR,279,,
C182,13,2915,PBM0730250603,RSY,199,,
C235,7,2916,PBM0730250603,BLU,354,378,
C322,8,2917,PBM0730250603,BLU,199,,
C182,13,2918,PBM0730250603,GPR,269,,
C255,12,2919,PBM0730250603,BLU,255,268,
A165,11,2920,PBM0730250603,GPR,276,,
C255,12,2921,PBM0730250603,BLU,226,235,
C322,8,2922,PBM0730250603,BLU,247,256,
C351,6,2923,PBM0730250603,GPR,280,,
C235,7,2924,PBM0730250603,BLU,166,195,
C182,13,2925,PBM0730250603,BLU,244,254,
C015,1,2926,PBM0730250603,OLV,401,415,
C015,1,2927,PBM0730250603,BLU,175,185,
A165,11,2928,PBM0730250603,GPR,258,,
C352,3,2929,PBM0730250603,BLU,205,216,
A410,2,2930,PBM0730250603,BLU,178,183,
C244,4,2931,PBM0730250603,GPR,265,,
A165,11,2932,PBM0730250603,GPR,290,,
C351,6,2933,PBM0730250603,OLV,161,167,
C015,1,2934,PBM0730250603,BLU,240,250,
C352,3,2935,PBM0730250603,GPR,273,,
C015,1,2936,PBM0730250603,BLU,220,231,
C182,13,2937,PBM0730250603,GPR,269,,
C352,3,2938,PBM0730250603,GPR,261,,
C255,12,2939,PBM0730250603,GPR,265,,
C244,4,2940,PBM0730250603,VER,480,485,
C351,6,2941,PBM0730250603,BLU,174,176,
A165,11,2942,PBM0730250603,LCD,558,564,
C244,4,2943,PBM0730250603,VER,501,506,
C322,8,2944,PBM0730250603,BLU,210,220,
C015,1,2945,PBM0730250603,VER,500,514,
C235,7,2946,PBM0730250603,BLU,253,266,
C235,7,2947,PBM0730250603,BLU,230,242,
C235,7,2948,PBM0730250603,GPR,285,,
C015,1,2949,PBM0730250603,GPR,266,,
C255,12,2950,PBM0730250603,GPR,262,,
C322,8,2951,PBM0730250603,BLU,255,267,
C322,8,2952,PBM0730250603,BLU,223,232,
C182,13,2953,PBM0730250603,GPR,282,,
C182,13,2954,PBM0730250603,GPR,257,,
C255,12,2955,PBM0730250603,BLU,218,225,
A410,2,2956,PBM0730250603,GPR,275,,
C255,12,2957,PBM0730250603,GPR,248,,
C244,4,2958,PBM0730250603,BLU,189,200,
C244,4,2959,PBM0730250603,BLU,332,346,
C235,7,2960,PBM0730250603,BLU,190,196,
C352,3,2961,PBM0730250603,VER,485,504,
C235,7,2962,PBM0730250603,BLU,170,181,
C182,13,2963,PBM0730250603,RSY,223,,
A165,11,2964,PBM0730250603,GPR,244,,
A165,11,2965,PBM0730250603,RSY,226,,
C322,8,2966,PBM0730250603,BLU,205,215,
C322,8,2967,PBM0730250603,BLU,210,223,
C255,12,2968,PBM0730250603,GPR,270,,
C255,12,2969,PBM0730250603,GPR,285,,
C182,13,2970,PBM0730250603,GPR,270,,
C235,7,2971,PBM0730250603,BLU,227,237,
C244,4,2972,PBM0730250603,BLU,171,174,
A165,11,2973,PBM0730250604,GPR,281,,
C182,13,2974,PBM0730250604,GPR,272,,
C322,8,2975,PBM0730250604,VER,434,448,
A410,2,2976,PBM0730250604,GPR,300,,
C255,12,2977,PBM0730250604,SRY,315,,
C015,1,2978,PBM0730250604,BLU,320,337,
C244,4,2979,PBM0730250604,BLU,248,257,
C182,3,3079,PBM0730250503,GPR,309,,
A165,1,3080,PBM0730250503,GPR,299,,
C255,2,3081,PBM0730250503,GPR,293,,
C182,3,3082,PBM0730250503,GPR,270,,
C015,6,3083,PBM0730250503,GPR,321,,
A165,1,3084,PBM0730250503,GPR,290,,
C352,12,3085,PBM0730250503,GPR,250,,
C244,4,3086,PBM0730250503,GPR,296,,
C322,13,3087,PBM0730250503,GPR,290,,
C322,13,3088,PBM0730250503,GPR,295,,
C244,4,3089,PBM0730250503,LCD,688,699,
C235,7,3090,PBM0730250503,BLU,274,279,
A165,1,3091,PBM0730250503,BLU,280,294,
A165,1,3092,PBM0730250503,BLU,354,370,
C182,3,3093,PBM0730250503,GPR,213,,
C015,6,3094,PBM0730250503,GPR,249,,
A165,1,3095,PBM0730250503,GPR,280,,
C255,2,3096,PBM0730250503,GPR,234,,
C255,2,3097,PBM0730250503,GPR,259,,
C244,4,3098,PBM0730250503,GPR,300,,
C182,3,3099,PBM0730250503,GPR,291,,
A165,1,3100,PBM0730250503,GPR,271,,
C352,12,3101,PBM0730250503,GPR,284,,
C352,12,3102,PBM0730250503,GPR,240,,
C322,13,3103,PBM0730250503,GPR,255,,
C244,4,3104,PBM0730250503,CBZ,236,,
C182,3,3105,PBM0730250503,GPR,291,,
C352,12,3106,PBM0730250503,GPR,284,,
A410,8,3107,PBM0730250503,BLU,204,213,
A165,1,3108,PBM0730250503,BLU,165,172,
C182,3,3109,PBM0730250503,BLU,274,284,
C322,13,3110,PBM0730250201,BLU,174,181,
C322,13,3111,PBM0730250201,BLU,279,291,
C255,7,3112,PBM0730250201,BLU,212,224,
A410,2,3113,PBM0730250201,BLU,264,275,
C015,1,3114,PBM0730250201,LCD,634,,
C244,4,3115,PBM0730250201,VER,416,431,
C255,7,3116,PBM0730250201,BLU,228,241,
C322,13,3117,PBM0730250201,GPR,303,,
A410,2,3118,PBM0730250201,CBZ,601,,
C255,7,3119,PBM0730250201,GPR,280,,
C235,3,3120,PBM0730250201,VER,334,340,
A165,6,3121,PBM0730250201,GPR,299,,
C235,3,3122,PBM0730250201,GPR,302,,
C244,4,3123,PBM0730250201,GPR,276,,
C235,3,3124,PBM0730250201,GPR,283,,
A165,6,3125,PBM0730250201,GPR,296,,
C244,4,3126,PBM0730250201,GPR,286,,
A165,6,3127,PBM0730250201,GPR,306,,
C255,7,3153,PBM0730250202,BLU,275,282,
C322,13,3154,PBM0730250202,BLU,240,251,
C182,8,3155,PBM0730250202,GPR,308,,
C352,12,3156,PBM0730250202,GPR,274,,
C255,7,3157,PBM0730250202,KLP,356,,
C015,1,3158,PBM0730250202,BLU,220,230,
C015,1,3159,PBM0730250202,GPR,320,,
A410,2,3160,PBM0730250202,VER,437,447,
C322,13,3161,PBM0730250202,GPR,299,,
C255,7,3162,PBM0730250202,GPR,313,,
C015,1,3163,PBM0730250202,KLP,284,,
C235,3,3164,PBM0730250202,VER,447,457,
C244,4,3165,PBM0730250202,BLU,213,223,
C015,1,3166,PBM0730250202,GPR,303,,
A165,6,3167,PBM0730250202,GPR,330,,
C182,8,3168,PBM0730250202,GPR,314,,
C352,12,3169,PBM0730250202,GPR,314,,
A165,6,3170,PBM0730250202,GPR,293,,
C235,3,3171,PBM0730250202,GPR,276,,
C182,8,3172,PBM0730250203,BLU,184,190,
C255,7,3173,PBM0730250203,BLU,206,211,
C322,13,3174,PBM0730250203,GPR,289,,
C352,12,3175,PBM0730250203,GPR,290,,
C182,8,3176,PBM0730250203,BLU,323,332,
C244,4,3177,PBM0730250203,GPR,288,,
C352,12,3178,PBM0730250203,GPR,298,,
C235,3,3179,PBM0730250203,VER,460,475,
C015,1,3180,PBM0730250203,OLV,397,407,
C255,7,3181,PBM0730250203,BLU,257,264,
C015,1,3182,PBM0730250203,BLU,277,288,
C352,12,3183,PBM0730250203,BLU,195,204,
A410,2,3184,PBM0730250203,OLV,330,342,
C182,8,3185,PBM0730250203,GPR,304,,
C235,3,3186,PBM0730250203,OLV,268,277,
A410,2,3187,PBM0730250203,BLU,246,256,
C322,13,3188,PBM0730250203,BLU,195,202,
C015,1,3189,PBM0730250203,BLU,330,346,
C255,7,3190,PBM0730250203,BLU,220,231,
A165,6,3191,PBM0730250203,GPR,310,,
A410,2,3192,PBM0730250203,GPR,284,,
C244,4,3193,PBM0730250203,KLP,334,,
A410,2,3194,PBM0730250203,VER,426,430,
C244,4,3195,PBM0730250203,GPR,300,,
C235,3,3196,PBM0730250203,BLU,149,155,
C305,6,3197,BLM0806252201,BLU,355,370,
C305,6,3198,BLM0806252201,VER,455,470,
C305,6,3199,BLM0806252201,OLV,430,445,
C293,1,3200,BLM0806252201,GPR,263,,
C059,12,3201,BLM0806252201,VER,450,470,
C059,12,3202,BLM0806252201,GPR,257,,
C235,7,2980,PBM0730250604,BLU,280,289,
C235,7,2981,PBM0730250604,BLU,252,260,
C182,13,2982,PBM0730250604,BLU,326,331,
C322,8,2983,PBM0730250604,BLU,245,256,
C352,3,2984,PBM0730250604,VER,455,461,
A165,11,2985,PBM0730250604,SRY,343,,
C322,8,2986,PBM0730250604,BLU,243,252,
C322,8,2987,PBM0730250604,BLU,240,250,
C255,12,2988,PBM0730250604,BLU,250,265,
C255,12,2989,PBM0730250604,BLU,268,281,
C322,8,2990,PBM0730250604,BLU,216,225,
A165,11,2991,PBM0730250604,BLU,235,245,
C322,8,2992,PBM0730250604,BLU,319,329,
C235,7,2993,PBM0730250604,BLU,330,346,
A410,2,2994,PBM0730250604,BLU,326,336,
C015,1,2995,PBM0730250604,BLU,245,255,
C322,8,2996,PBM0730250604,BLU,368,385,
C015,1,2997,PBM0730250604,BLU,289,302,
C255,12,2998,PBM0730250604,OLV,325,334,
C182,13,2999,PBM0730250604,GPR,307,,
C015,1,3000,PBM0730250604,BLU,292,301,
C235,7,3001,PBM0730250604,BLU,259,270,
C352,3,3002,PBM0730250604,CPR,491,505,
C352,3,3003,PBM0730250604,BLU,255,265,
C244,4,3004,PBM0730250604,BLU,219,226,
C015,1,3005,PBM0730250604,GPR,281,,
C352,3,3006,PBM0730250604,GPR,295,,
A410,2,3007,PBM0730250604,CHN,327,,
C352,3,3008,PBM0730250604,CPR,418,,
C255,2,3009,PBM0730250501,GPR,255,,
C255,2,3010,PBM0730250501,OLV,326,337,
A410,8,3011,PBM0730250501,VER,464,,
C235,7,3012,PBM0730250501,GPR,306,,
C244,4,3013,PBM0730250501,LCD,560,570,
C015,6,3014,PBM0730250501,GPR,230,,
C015,6,3015,PBM0730250501,GPR,278,,
A410,8,3016,PBM0730250501,GPR,305,,
C235,7,3017,PBM0730250501,BLU,170,178,
C255,2,3018,PBM0730250501,BLU,235,249,
C255,2,3019,PBM0730250501,LCD,604,613,
C182,3,3020,PBM0730250501,GPR,281,,
C352,12,3021,PBM0730250501,OLV,255,264,
C255,2,3022,PBM0730250501,OLV,330,339,
C015,6,3023,PBM0730250501,GPR,289,,
C235,7,3024,PBM0730250501,GPR,265,,
C255,2,3025,PBM0730250501,BLU,388,402,
C352,12,3026,PBM0730250501,GPR,269,,
C244,4,3027,PBM0730250501,GPR,303,,
C182,3,3028,PBM0730250501,OLV,240,245,
C352,12,3128,PBM0730250201,GPR,305,,
C244,4,3129,PBM0730250201,GPR,312,,
C182,8,3130,PBM0730250201,KLP,361,,
A165,6,3131,PBM0730250201,GPR,249,,
C244,4,3132,PBM0730250201,VER,410,420,
C255,7,3133,PBM0730250201,BLU,202,209,
C255,7,3134,PBM0730250201,BLU,290,301,
C255,7,3135,PBM0730250201,BLU,216,228,
C244,4,3136,PBM0730250201,KLP,340,,
C352,12,3137,PBM0730250202,BLU,229,236,
C255,7,3138,PBM0730250202,BLU,260,274,
C255,7,3139,PBM0730250202,BLU,246,257,
C182,8,3140,PBM0730250202,BLU,249,254,
C255,7,3141,PBM0730250202,BLU,216,225,
A165,6,3142,PBM0730250202,GPR,306,,
A165,6,3143,PBM0730250202,KLP,362,,
C322,13,3144,PBM0730250202,BLU,227,235,
A410,2,3145,PBM0730250202,GPR,265,,
C322,13,3146,PBM0730250202,BLU,258,271,
C322,13,3147,PBM0730250202,BLU,220,230,
C182,8,3148,PBM0730250202,BLU,153,159,
C182,8,3149,PBM0730250202,BLU,287,293,
C322,13,3150,PBM0730250202,BLU,230,239,
C255,7,3151,PBM0730250202,BLU,209,216,
C182,8,3152,PBM0730250202,GPR,291,,
D255,2,3203,BLM0806252201,BLU,340,355,
D255,2,3204,BLM0806252201,VER,434,440,
C293,1,3205,BLM0806252201,GPR,300,,
A906,7,3206,BLM0806252201,BLU,347,360,
C305,6,3207,BLM0806252201,GPR,283,,
D255,2,3208,BLM0806252201,VER,429,440,
C305,6,3209,BLM0806252201,GPR,302,,
C059,12,3210,BLM0806252201,VER,460,480,
C312,11,3211,BLM0806252201,VER,382,393,
C293,1,3212,BLM0806252201,CPR,340,,
C312,11,3213,BLM0806252202,VER,395,406,
C293,1,3214,BLM0806252202,GPR,265,,
C293,1,3215,BLM0806252202,GPR,280,,
A808,8,3216,BLM0806252202,CPR,401,410,
C312,11,3217,BLM0806252202,GPR,280,,
C305,6,3218,BLM0806252202,GPR,292,,
C293,1,3219,BLM0806252202,GPR,278,,
D255,2,3220,BLM0806252202,GPR,286,,
C059,12,3221,BLM0806252202,GPR,283,,
C293,1,3222,BLM0806252202,GPR,267,,
C305,6,3223,BLM0806252202,GPR,290,,
C059,12,3224,BLM0806252202,GPR,285,,
C312,11,3225,BLM0806252202,VER,420,433,
A906,7,3226,BLM0806252202,BWN,365,,
D255,2,3227,BLM0806252202,VER,356,370,
C293,1,3253,BLM0806252203,VER,455,475,
A808,8,3254,BLM0806252203,BLU,379,391,
A808,8,3255,BLM0806252203,BLU,338,352,
A906,7,3256,BLM0806252203,BLU,303,319,
A906,7,3257,BLM0806252203,BLU,340,355,
C305,6,3258,BLM0806252203,GPR,254,,
A808,8,3259,BLM0806252203,BLU,350,362,
D255,2,3260,BLM0806252203,BLU,339,355,
C305,6,3261,BLM0806252203,BLU,271,279,
A906,7,3262,BLM0806252203,BLU,261,276,
D255,2,3263,BLM0806252203,BLU,254,266,
C312,11,3264,BLM0806252203,GPR,290,,
A808,8,3265,BLM0806252203,GPR,281,,
C271,3,3266,BLM0806252203,BLU,350,370,
C271,3,3267,BLM0806252203,BLU,348,366,
C312,11,3268,BLM0806252203,BLU,346,360,
D255,2,3269,BLM0806252203,BLU,355,372,
D255,2,3270,BLM0806252203,BLU,320,335,
C059,12,3271,BLM0806252203,BLU,269,284,
C059,12,3272,BLM0806252203,GPR,257,,
A906,7,3273,BLM0806252203,BLU,320,338,
C293,1,3274,BLM0806252203,BLU,356,381,
C271,3,3275,BLM0806252203,OLV,440,452,
C305,6,3276,BLM0806252203,BLU,355,370,
C271,3,3277,BLM0806252203,BLU,340,362,
C305,6,3278,BLM0806252203,GPR,241,,
A906,7,3279,BLM0806252203,BLU,362,380,
D255,2,3280,BLM0806252203,OLV,407,421,
A906,7,3281,BLM0806252203,OLV,408,422,
D255,2,3282,BLM0806252203,OLV,405,420,
C293,1,3283,BLM0806252203,BLU,350,360,
C293,1,3284,BLM0806252203,BLU,350,370,
D255,2,3285,BLM0806252203,BLU,350,366,
D255,2,3286,BLM0806252203,BLU,373,388,
C305,6,3287,BLM0806252203,GPR,245,,
C312,11,3288,BLM0806252203,VER,471,482,
C271,3,3289,BLM0806252203,BLU,360,377,
C312,11,3290,BLM0806252203,LCD,447,460,
C293,1,3291,BLM0806252203,CPR,432,450,
C271,3,3292,BLM0806252203,BLU,340,357,
D255,2,3293,BLM0806252203,BLU,275,293,
C305,6,3294,BLM0806252203,GPR,270,,
C271,3,3295,BLM0806252203,OLV,380,395,
A808,8,3296,BLM0806252203,KGL,355,,
C059,12,3297,BLM0806252203,GPR,235,,
C312,11,3298,BLM0806252203,OLV,340,351,
C312,11,3299,BLM0806252203,GPR,251,,
C348,7,3300,BLR0709254001,KLP,318,,
C173,3,3301,BLR0709254001,VER,440,460,
C173,3,3302,BLR0709254001,BLU,240,247,
S038,1,3303,BLR0709254001,KLP,253,,
C349,6,3304,BLR0709254001,GPR,260,,
C345,12,3305,BLR0709254001,OLV,240,250,
C255,11,3306,BLR0709254001,BLU,290,310,
C348,7,3307,BLR0709254001,OLV,382,401,
C182,2,3308,BLR0709254001,GPR,240,,
C350,13,3309,BLR0709254001,BLU,274,284,
C350,13,3310,BLR0709254001,BLU,243,253,
C345,12,3311,BLR0709254001,BLU,345,370,
C345,12,3312,BLR0709254001,BLU,335,350,
C348,7,3313,BLR0709254001,BLU,332,344,
C348,7,3314,BLR0709254001,BLU,300,309,
C182,2,3315,BLR0709254001,GPR,269,,
C345,12,3316,BLR0709254002,BLU,254,271,
C349,6,3317,BLR0709254002,BLU,315,320,
C350,13,3318,BLR0709254002,BLU,250,265,
C255,11,3319,BLR0709254002,BLU,335,346,
C350,13,3320,BLR0709254002,BLU,260,275,
C348,7,3321,BLR0709254002,KLP,246,,
C349,6,3322,BLR0709254002,BLU,299,315,
S038,1,3323,BLR0709254002,GPR,295,,
C173,3,3324,BLR0709254002,BLU,295,310,
C348,7,3325,BLR0709254002,BLU,264,280,
C255,11,3326,BLR0709254002,GPR,277,,
C255,11,3327,BLR0709254002,GPR,275,,
C349,6,3328,BLR0709254002,LCD,590,,
S038,1,3329,BLR0709254002,GPR,282,,
C255,11,3330,BLR0709254002,CPR,306,,
C182,2,3331,BLR0709254002,LCD,680,,
C182,2,3332,BLR0709254002,GPR,260,,
C345,12,3333,BLR0709254002,BLU,220,227,
C345,12,3334,BLR0709254002,BLU,268,275,
C173,3,3335,BLR0709254002,GPR,239,,
C182,2,3336,BLR0709254002,BLU,288,297,
S038,1,3337,BLR0709254002,GPR,230,,
C345,12,3338,BLR0709254002,BLU,285,300,
C348,7,3339,BLR0709254002,GPR,250,,
C173,3,3340,BLR0709254002,LCD,549,,
C345,12,3341,BLR0709254002,VER,416,420,
S038,1,3342,BLR0709254002,GPR,230,,
C349,6,3343,BLR0709254002,GPR,254,,
C255,11,3344,BLR0709254002,GPR,255,,
C173,3,3345,BLR0709254002,KLP,285,,
C350,13,3346,BLR0709254002,BLU,279,291,
C173,3,3347,BLR0709254002,BLU,275,290,
C345,12,3348,BLR0709254002,BLU,298,321,
C349,6,3349,BLR0709254002,GPR,240,,
C173,3,3350,BLR0709254002,TRE,285,,
C350,13,3351,BLR0709254002,BLU,269,284,
C182,2,3352,BLR0709254002,BLU,323,344,
C182,2,3353,BLR0709254003,VER,302,315,
C173,3,3354,BLR0709254003,LCD,484,,
C305,6,3228,BLM0806252202,GPR,300,,
C293,1,3229,BLM0806252202,PSD,215,,
C059,12,3230,BLM0806252203,GPR,284,,
C293,1,3231,BLM0806252203,BLU,365,382,
A808,8,3232,BLM0806252203,BLU,359,375,
A808,8,3233,BLM0806252203,BLU,361,378,
C293,1,3234,BLM0806252203,BLU,330,343,
D255,2,3235,BLM0806252203,BLU,355,368,
C059,12,3236,BLM0806252203,BLU,362,379,
C293,1,3237,BLM0806252203,BLU,285,301,
A808,8,3238,BLM0806252203,BLU,313,326,
C305,6,3239,BLM0806252203,BLU,350,369,
C059,12,3240,BLM0806252203,GPR,270,,
C312,11,3241,BLM0806252203,VER,441,451,
A808,8,3242,BLM0806252203,BLU,370,390,
C305,6,3243,BLM0806252203,BLU,290,303,
A906,7,3244,BLM0806252203,BLU,338,346,
C305,6,3245,BLM0806252203,BLU,360,379,
A906,7,3246,BLM0806252203,BLU,357,371,
A808,8,3247,BLM0806252203,BLU,355,373,
C305,6,3248,BLM0806252203,BLU,321,331,
C059,12,3249,BLM0806252203,OLV,436,446,
A808,8,3250,BLM0806252203,BLU,295,311,
A906,7,3251,BLM0806252203,BLU,360,382,
C059,12,3252,BLM0806252203,GPR,255,,
C173,3,3355,BLR0709254003,OLV,245,252,
C255,11,3356,BLR0709254003,GPR,272,,
S038,1,3357,BLR0709254003,BLA,281,285,
C255,11,3358,BLR0709254003,GPR,275,,
C350,13,3359,BLR0709254003,GPR,275,,
S038,1,3360,BLR0709254003,GPR,285,,
S038,1,3361,BLR0709254003,BLU,212,220,
C182,2,3362,BLR0709254003,GPR,261,,
C255,11,3363,BLR0709254003,OLV,336,350,
C350,13,3364,BLR0709254003,LCD,519,,
C349,6,3365,BLR0709254003,KLP,298,,
C255,11,3366,BLR0709254003,KLP,279,,
S038,1,3367,BLR0709254003,BLU,220,234,
C173,3,3368,BLR0709254003,BLU,186,196,
C348,7,3369,BLR0709254003,OLV,262,270,
C345,12,3370,BLR0709254003,BLU,226,236,
C349,6,3371,BLR0709254003,BLU,196,204,
C173,3,3372,BLR0709254201,LCD,495,,
C345,12,3373,BLR0709254201,KLP,340,,
C182,11,3374,BLR0709254201,BLU,270,287,
S038,6,3375,BLR0709254201,KLP,344,,
C349,1,3376,BLR0709254201,VER,415,,
C349,1,3377,BLR0709254201,LCD,539,,
C345,12,3378,BLR0709254202,KLP,315,,
C349,1,3379,BLR0709254202,KLP,349,,
C345,6,3406,BLR0709254901,BLU,253,259,
C255,2,3407,BLR0709254901,BLU,345,361,
C173,3,3408,BLR0709254901,BLU,340,360,
C348,11,3409,BLR0709254901,OLV,354,364,
C173,3,3410,BLR0709254901,BLU,276,293,
C173,3,3411,BLR0709254901,BLU,270,286,
C173,3,3412,BLR0709254901,BLU,305,320,
C182,1,3413,BLR0709254901,BLU,285,295,
C182,1,3414,BLR0709254901,BLU,344,353,
C345,6,3415,BLR0709254901,BLU,325,342,
C350,7,3416,BLR0709254901,BLU,335,352,
C345,6,3417,BLR0709254901,BLU,295,310,
C255,2,3418,BLR0709254901,KLP,343,,
S038,13,3419,BLR0709254901,CPR,335,,
C349,12,3420,BLR0709254901,BLU,370,385,
C350,7,3421,BLR0709254901,BLU,332,342,
S038,13,3422,BLR0709254901,BLU,345,362,
C173,3,3423,BLR0709254901,BLU,350,365,
C348,11,3424,BLR0709254901,LCD,535,,
C173,3,3425,BLR0709254901,BLU,285,295,
C182,1,3426,BLR0709254901,BLU,289,334,
C349,12,3427,BLR0709254901,KLP,337,,
C255,2,3428,BLR0709254901,BLU,255,261,
C349,12,3429,BLR0709254901,GPR,259,,
C348,11,3430,BLR0709254902,KLP,325,,
C182,1,3457,BLR0709254903,GPR,226,,
C345,6,3458,BLR0709254903,VER,395,,
C350,7,3459,BLR0709254903,GPR,241,,
C345,6,3460,BLR0709254903,GPR,274,,
C350,7,3461,BLR0709254801,KLP,350,,
S038,1,3462,BLR0709254801,BLU,122,126,
C173,3,3463,BLR0709254801,KLP,353,,
C345,6,3464,BLR0709254801,BLU,329,345,
C173,3,3465,BLR0709254801,BLU,305,320,
C255,12,3466,BLR0709254801,GPR,245,,
C349,2,3467,BLR0709254801,KLP,332,,
C349,2,3468,BLR0709254801,GPR,260,,
C182,13,3469,BLR0709254801,GPR,253,,
C348,11,3470,BLR0709254801,KLP,286,,
C173,3,3471,BLR0709254801,GPR,260,,
C350,7,3472,BLR0709254801,BLU,310,328,
C350,7,3473,BLR0709254801,GPR,255,,
C182,13,3474,BLR0709254801,GPR,205,,
C255,12,3475,BLR0709254801,GPR,250,,
S038,1,3476,BLR0709254801,GPR,226,,
C182,13,3477,BLR0709254801,GPR,195,,
S038,1,3478,BLR0709254801,BLU,191,,
C350,7,3479,BLR0709254801,KLP,331,,
C349,2,3480,BLR0709254801,BLU,178,182,
C345,6,3481,BLR0709254801,GPR,230,,
C255,12,3482,BLR0709254801,CHN,304,,
C345,6,3505,BLR0709254802,GPR,252,,
C345,6,3506,BLR0709254802,BLU,185,191,
C173,3,3507,BLR0709254802,GPR,208,,
C255,12,3508,BLR0709254802,BLU,237,244,
C182,13,3509,BLR0709254802,KLP,321,,
C345,6,3510,BLR0709254802,BLU,274,290,
C345,6,3511,BLR0709254802,BLU,305,316,
C255,12,3512,BLR0709254802,BLU,245,254,
C350,7,3513,BLR0709254802,KLP,325,,
C182,13,3514,BLR0709254802,BLU,201,212,
C350,7,3515,BLR0709254802,BLU,140,,
C348,11,3516,BLR0709254802,KLP,266,,
C349,2,3517,BLR0709254802,LCD,688,,
C255,12,3518,BLR0709254802,BLU,308,320,
C255,12,3519,BLR0709254802,BLU,276,285,
C182,13,3520,BLR0709254802,BLU,212,225,
C182,13,3521,BLR0709254802,BLU,219,230,
S038,1,3522,BLR0709254802,KLP,315,,
C173,3,3523,BLR0709254802,BLU,175,180,
S038,1,3524,BLR0709254803,BLU,234,240,
C255,12,3525,BLR0709254803,BLU,264,278,
C349,2,3526,BLR0709254803,GPR,237,,
C255,12,3527,BLR0709254803,BLU,280,295,
C350,7,3528,BLR0709254803,LCD,570,,
C348,11,3529,BLR0709254803,GPR,255,,
C350,7,3530,BLR0709254803,BLA,330,335,
C251,7,3556,BLM0723251102,BLU,299,314,
C338,2,3557,BLM0723251102,OLV,216,225,
C251,7,3558,BLM0723251102,BLU,355,371,
C251,7,3559,BLM0723251102,BLU,290,303,
A015,11,3560,BLM0723251102,GPR,235,,
A488,6,3561,BLM0723251102,GPR,299,,
A015,11,3562,BLM0723251102,OLV,230,,
C251,7,3563,BLM0723251103,OLV,420,437,
C182,12,3564,BLM0723251103,GPR,244,,
C182,12,3565,BLM0723251103,GPR,229,,
A015,11,3566,BLM0723251103,BLU,204,213,
A015,11,3567,BLM0723251103,OLV,400,407,
C182,12,3568,BLM0723251103,VER,455,472,
C271,3,3569,BLM0723251103,LCD,562,575,
C338,2,3570,BLM0723251103,GPR,217,,
C338,2,3571,BLM0723251103,GPR,251,,
C182,12,3572,BLM0723251103,GPR,205,,
C271,3,3573,BLM0723251103,GPR,222,,
C271,3,3574,BLM0723251103,GPR,239,,
C182,12,3575,BLM0723251103,GPR,223,,
C343,13,3577,BLM0723251103,GPR,248,,
C338,13,3578,BLM0723252101,GPR,224,,
A488,12,3579,BLM0723252101,GPR,270,,
C343,7,3580,BLM0723252101,BLU,243,255,
C182,11,3380,BLR0709254202,KLP,320,,
C255,2,3381,BLR0709254202,OLV,260,270,
C255,2,3382,BLR0709254202,GPR,255,,
C350,13,3383,BLR0709254202,VER,320,332,
C255,2,3384,BLR0709254202,GPR,289,,
C348,7,3385,BLR0709254202,GPR,280,,
C182,11,3386,BLR0709254202,GPR,290,,
C348,7,3387,BLR0709254202,BLU,159,166,
C182,11,3388,BLR0709254202,GPR,278,,
C255,2,3389,BLR0709254203,KLP,349,,
C255,2,3390,BLR0709254203,KLP,345,,
C350,13,3391,BLR0709254203,KLP,325,,
C345,12,3392,BLR0709254203,KLP,345,,
C182,11,3393,BLR0709254203,CBZ,482,,
C348,7,3394,BLR0709254203,VER,439,451,
C255,2,3395,BLR0709254203,BLU,225,233,
C349,1,3396,BLR0709254203,VER,425,442,
C350,13,3397,BLR0709254203,BLU,251,265,
C255,2,3398,BLR0709254203,BLU,167,175,
C350,13,3399,BLR0709254203,BLU,275,284,
C345,12,3400,BLR0709254203,BLU,259,271,
C345,12,3401,BLR0709254203,BLU,280,295,
C255,2,3402,BLR0709254901,BLU,345,354,
C350,7,3403,BLR0709254901,BLU,330,349,
C350,7,3404,BLR0709254901,BLU,268,280,
C345,6,3405,BLR0709254901,BLU,235,248,
S038,13,3431,BLR0709254902,CPR,360,,
S038,13,3432,BLR0709254902,VER,324,340,
C182,1,3433,BLR0709254902,KLP,253,,
C173,3,3434,BLR0709254902,GPR,301,,
C348,11,3435,BLR0709254902,GPR,296,,
S038,13,3436,BLR0709254902,OLV,275,290,
C173,3,3437,BLR0709254902,GPR,264,,
C350,7,3438,BLR0709254902,GPR,235,,
C182,1,3439,BLR0709254902,LCD,456,,
C345,6,3440,BLR0709254902,GPR,301,,
C348,11,3441,BLR0709254902,BLU,334,342,
C348,11,3442,BLR0709254902,BLU,311,,
C349,12,3443,BLR0709254902,LCD,342,,
C182,1,3444,BLR0709254903,GPR,280,,
S038,13,3445,BLR0709254903,GPR,273,,
C255,2,3446,BLR0709254903,GPR,275,,
C255,2,3447,BLR0709254903,GPR,259,,
C173,3,3448,BLR0709254903,GPR,267,,
C182,1,3449,BLR0709254903,LCD,495,510,
C350,7,3450,BLR0709254903,KLP,315,,
C350,7,3451,BLR0709254903,GPR,265,,
C182,1,3452,BLR0709254903,GPR,302,,
C255,2,3453,BLR0709254903,GPR,244,,
C182,1,3454,BLR0709254903,KLP,305,,
C348,11,3455,BLR0709254903,GPR,241,,
C173,3,3456,BLR0709254903,KLP,355,,
C350,7,3483,BLR0709254801,VER,447,452,
C173,3,3484,BLR0709254801,KLP,344,,
C348,11,3485,BLR0709254801,GPR,232,,
C350,7,3486,BLR0709254801,GPR,255,,
C182,13,3487,BLR0709254801,GPR,234,,
C182,13,3488,BLR0709254802,GPR,261,,
C173,3,3489,BLR0709254802,GPR,239,,
C348,11,3490,BLR0709254802,KLP,220,,
S038,1,3491,BLR0709254802,VER,382,395,
C350,7,3492,BLR0709254802,GPR,250,,
C255,12,3493,BLR0709254802,GPR,277,,
C349,2,3494,BLR0709254802,LCD,539,,
C350,7,3495,BLR0709254802,GPR,205,,
C350,7,3496,BLR0709254802,GPR,250,,
C173,3,3497,BLR0709254802,GPR,253,,
C255,12,3498,BLR0709254802,OLV,271,282,
C345,6,3499,BLR0709254802,BLU,280,292,
C348,11,3500,BLR0709254802,KLP,342,,
C182,13,3501,BLR0709254802,BLU,300,315,
C182,13,3502,BLR0709254802,KLP,335,,
C255,12,3503,BLR0709254802,BLU,333,345,
C349,2,3504,BLR0709254802,OLV,265,274,
C255,12,3531,BLR0709254803,BLU,272,285,
C255,12,3532,BLR0709254803,BLU,241,259,
C173,3,3533,BLR0709254803,LCD,460,,
C182,13,3534,BLR0709254803,BLU,201,211,
C349,2,3535,BLR0709254803,OLV,250,260,
S038,1,3536,BLR0709254803,GPR,230,,
C349,2,3537,BLR0709254803,GPR,255,,
C182,13,3538,BLR0709254803,KLP,274,,
C182,13,3539,BLR0709254803,KLP,257,,
C350,7,3540,BLR0709254803,GPR,242,,
C349,2,3541,BLR0709254803,KLP,320,,
C349,2,3542,BLR0709254803,GPR,250,,
C255,12,3543,BLR0709254803,BLU,307,316,
C255,12,3544,BLR0709254803,BLU,288,300,
C255,12,3545,BLR0709254803,BLU,231,240,
C182,13,3546,BLR0709254803,GPR,290,,
C255,12,3547,BLR0709254803,BLU,275,286,
C255,12,3548,BLR0709254803,BLU,220,231,
C182,13,3549,BLR0709254803,GPR,228,,
C255,12,3550,BLR0709254803,GPR,285,299,
C350,7,3551,BLR0709254803,GPR,231,,
C350,7,3552,BLR0709254803,GPR,279,,
C173,3,3553,BLR0709254803,GPR,260,,
C182,13,3554,BLR0709254803,GPR,250,,
C350,7,3555,BLR0709254803,GPR,225,,
C251,11,3581,BLM0723252101,BCO,609,626,
C338,13,3582,BLM0723252101,BLU,257,270,
A015,1,3583,BLM0723252101,BLU,365,380,
C343,7,3584,BLM0723252101,OLV,320,329,
C343,7,3585,BLM0723252101,GPR,210,,
C182,2,3586,BLM0723252101,BLU,341,356,
A015,1,3587,BLM0723252101,GPR,248,,
A015,1,3588,BLM0723252101,GPR,260,,
A488,12,3589,BLM0723252101,GPR,273,,
C251,11,3590,BLM0723252101,OLV,445,460,
C271,3,3591,BLM0723252101,BWN,359,,
C343,7,3592,BLM0723252101,GPR,232,,
C343,7,3593,BLM0723252101,GPR,258,,
C182,2,3594,BLM0723252101,BLU,363,380,
C338,13,3595,BLM0723252101,GPR,266,,
C251,11,3596,BLM0723252101,BLU,186,195,
A488,12,3597,BLM0723252101,GPR,284,,
C005,6,3598,BLM0723252101,GPR,240,,
A488,12,3599,BLM0723252101,CNY,213,220,
A488,12,3600,BLM0723252101,GPR,265,,
A015,1,3601,BLM0723252101,CPR,357,360,
C251,11,3602,BLM0723252101,GPR,249,,
C182,2,3603,BLM0723252101,YTL,246,255,
C251,11,3604,BLM0723252101,GPR,273,,
A488,12,3605,BLM0723252101,GPR,254,,
C005,6,3606,BLM0723252101,GPR,275,,
C338,13,3607,BLM0723252101,GPR,279,,
C343,7,3608,BLM0723252101,GPR,255,,
A015,1,3609,BLM0723252101,CNY,196,205,
C005,6,3610,BLM0723252101,GPR,291,,
C271,3,3611,BLM0723252101,GPR,235,,
C182,2,3612,BLM0723252101,GPR,271,,
A015,1,3613,BLM0723252101,BLU,222,233,
A488,12,3614,BLM0723252101,CPR,422,,
A488,12,3615,BLM0723252102,GPR,251,,
C251,11,3616,BLM0723252102,CPR,466,470,
C005,6,3617,BLM0723252102,GPR,241,,
C338,13,3618,BLM0723252102,VER,452,465,
C005,6,3619,BLM0723252102,BLU,223,234,
A488,12,3620,BLM0723252102,GPR,278,,
C005,6,3621,BLM0723252102,BLU,136,139,
C182,2,3622,BLM0723252102,BLU,98,103,
C005,6,3623,BLM0723252102,GPR,280,,
C343,7,3624,BLM0723252102,CPR,464,,
A488,12,3625,BLM0723252102,GPR,264,,
A015,1,3626,BLM0723252102,GPR,254,,
A015,1,3627,BLM0723252102,GPR,256,,
C338,13,3628,BLM0723252102,GPR,294,,
C182,2,3629,BLM0723252102,GPR,269,,
C343,7,3630,BLM0723252102,CPR,436,,
A015,1,3631,BLM0723252102,GPR,290,,
C182,2,3632,BLM0723252102,GPR,255,,
A015,1,3633,BLM0723252102,GPR,296,,
C338,13,3634,BLM0723252102,GPR,309,,
C251,11,3635,BLM0723252102,VER,470,,
C343,7,3636,BLM0723252102,GPR,252,,
C251,11,3637,BLM0723252103,CNY,335,360,
C338,13,3638,BLM0723252103,BCO,574,594,
C338,13,3639,BLM0723252103,BWN,414,,
A015,1,3640,BLM0723252103,VER,460,475,
C343,7,3641,BLM0723252103,BWN,418,,
C182,2,3642,BLM0723252103,VER,483,488,
C182,2,3643,BLM0723252103,CPR,440,,
A015,1,3644,BLM0723252103,LCD,849,860,
C182,2,3645,BLM0723252103,LCD,680,680,
C343,7,3646,BLM0723252103,CPR,462,,
C182,2,3647,BLM0723252103,BWN,395,,
C343,7,3648,BLM0723252103,GPR,281,,
C005,6,3649,BLM0723252103,GPR,272,,
C182,2,3650,BLM0723252103,GPR,303,,
C338,13,3651,BLM0723252103,GPR,261,,
C251,11,3652,BLM0723252103,OLV,225,234,
A488,12,3653,BLM0723252103,BLU,348,365,
C343,7,3654,BLM0723252103,LCD,862,,
C343,7,3655,BLM0723252103,BWN,439,,
A488,12,3656,BLM0723252103,CNY,351,369,
A015,1,3657,BLM0723252103,BWN,434,,
C343,7,3658,BLM0723252103,CPR,460,,
C251,11,3659,BLM0723252103,VER,500,513,
C251,11,3660,BLM0723252103,BLU,345,354,
